camp_id,dli_number,camp_type,camp_location,camp_year
CMP0001,DLI22SDA000001,CATC,Delhi,2024
CMP0002,DLI22SDA000001,Catc,Dehli,2024
CMP0003,DLI22SDA000002,CATC,Dehli,2024
CMP0004,DLI22SDA000002,CATC,Dehli,2024
CMP0005,DLI22SDA000003,CATC,Dehli,2023
CMP0006,DLI22SDA000003,CAT Camp,Dehli,2022
CMP0007,DLI22SDA000003,CAT Camp,Dehli,2023
CMP0008,DLI22SDA000004,CATC,Delhi,2023
CMP0009,DLI22SDA000004,CATC,Delhi,2024
CMP0010,DLI22SDA000004,Army Attachment,Uttarakhand,2023
CMP0011,DLI22SDA000004,NIC,Assam,2022
CMP0012,DLI22SDA000005,CATC,Dehli,2022
CMP0013,DLI22SDA000005,CATC,Dehli,2024
CMP0014,DLI22SDA000006,CATC,Delhi,2023
CMP0015,DLI22SDA000006,CATC,Delhi,2024
CMP0016,DLI22SDA000007,CATC,Delhi,2023
CMP0017,DLI22SDA000007,CATC,Delhi,2022
CMP0018,DLI22SDA000008,catc,Delhi,2022
CMP0019,DLI22SDA000008,CATC,Delhi,2022
CMP0020,DLI22SDA000009,CATC,Delhi,2022
CMP0021,DLI22SDA000009,CATC,Delhi,2022
CMP0022,DLI22SDA000009,RDC,Himachal Pradesh,2024
CMP0023,DLI22SDA000009,TSC,Himachal Pradesh,2024
CMP0024,DLI22SDA000010,CATC,Dehli,2024
CMP0025,DLI22SDA000010,CATC,Delhi,2023
CMP0026,DLI22SDA000010,CATC,Delhi,2024
CMP0027,DLI22SDA000011,CATC,Delhi,2023
CMP0028,DLI22SDA000011,CATC,Dehli,2022
CMP0029,DLI22SDA000011,Republic Day Camp,Uttarakhand,2022
CMP0030,DLI22SDA000011,rdc,Kerala,2024
CMP0031,DLI22SDA000012,CATC,Delhi,2022
CMP0032,DLI22SDA000012,CATC,Delhi,2022
CMP0033,DLI22SDA000012,Army Attachment,Delhi,2022
CMP0034,DLI22SDA000012,RDC,Delhi,2022
CMP0035,DLI22SDA000013,CATC,Delhi,2023
CMP0036,DLI22SDA000013,CATC,Delhi,2022
CMP0037,DLI22SDA000013,RDC,Kerala,2022
CMP0038,DLI22SDA000013,TSC,Kerla,2024
CMP0039,DLI22SDA000014,CATC,Delhi,2022
CMP0040,DLI22SDA000014,catc,Delhi,2023
CMP0041,DLI22SDA000015,CATC,Dehli,2022
CMP0042,DLI22SDA000015,CATC,Delhi,2023
CMP0043,DLI22SDA000015,Army Attachment,Rajasthan,2022
CMP0044,DLI22SDA000015,alc,Assam,2022
CMP0045,DLI22SDA000016,CATC,Delhi,2024
CMP0046,DLI22SDA000016,CATC,Delhi,2024
CMP0047,DLI22SDA000016,RDC,Himachal Pradesh,2022
CMP0048,DLI22SDA000017,CATC,Dehli,2022
CMP0049,DLI22SDA000017,CATC,Delhi,2022
CMP0050,DLI22SDA000017,EBSB,Rajasthan,2024
CMP0051,DLI22SDA000018,CATC,Dehli,2022
CMP0052,DLI22SDA000018,CATC,Delhi,2022
CMP0053,DLI22SDA000018,RDC,Kerala,2024
CMP0054,DLI22SDA000018,RDC,Punjab,2022
CMP0055,DLI22SDA000019,CATC,Delhi,2024
CMP0056,DLI22SDA000019,CATC,Delhi,2023
CMP0057,DLI22SDA000019,CATC,Delhi,2024
CMP0058,DLI22SDA000019,NIC,Uttarakhand,2023
CMP0059,DLI22SDA000020,CATC,Delhi,2024
CMP0060,DLI22SDA000020,CATC,Delhi,2024
CMP0061,DLI22SDA000021,CATC,Delhi,2023
CMP0062,DLI22SDA000021,CATC,Delhi,2023
CMP0063,DLI22SDA000022,CATC,Delhi,2022
CMP0064,DLI22SDA000022,CATC,Delhi,2022
CMP0065,DLI22SDA000023,CATC,Delhi,2024
CMP0066,DLI22SDA000023,CATC,Delhi,2022
CMP0067,DLI22SDA000023,CATC,Delhi,2023
CMP0068,DLI22SDA000023,NIC,Punjab,2022
CMP0069,DLI22SDA000024,CATC,Delhi,2022
CMP0070,DLI22SDA000024,Catc,Delhi,2023
CMP0071,DLI22SDA000024,TSC,Rajasthan,2023
CMP0072,DLI22SDA000024,CATC,Delhi,2022
CMP0073,DLI22SDA000025,CATC,Delhi,2023
CMP0074,DLI22SDA000025,CATC,Delhi,2022
CMP0075,DLI22SDA000025,EBSB,Kerala,2023
CMP0076,DLI22SDA000026,CATC,Delhi,2023
CMP0077,DLI22SDA000026,Catc,Delhi,2024
CMP0078,DLI22SDA000027,CATC,Delhi,2023
CMP0079,DLI22SDA000027,CATC,Delhi,2023
CMP0080,DLI22SDA000027,Army Attachment,Himachal Pradesh,2024
CMP0081,DLI22SDA000027,Catc,Delhi,2022
CMP0082,DLI22SDA000028,CATC,Delhi,2024
CMP0083,DLI22SDA000028,CATC,Delhi,2022
CMP0084,DLI22SDA000028,RDC,Punjab,2022
CMP0085,DLI22SDA000028,Army Attachment,Delhi,2023
CMP0086,DLI22SDA000029,CATC,Delhi,2023
CMP0087,DLI22SDA000029,CATC,Dehli,2023
CMP0088,DLI22SDA000029,NIC,Assam,2024
CMP0089,DLI22SDA000029,RDC,Punjab,2022
CMP0090,DLI22SDA000030,CATC,Dehli,2024
CMP0091,DLI22SDA000030,CATC,Delhi,2023
CMP0092,DLI22SDA000031,catc,Delhi,2024
CMP0093,DLI22SDA000031,CATC,Delhi,2024
CMP0094,DLI22SDA000031,Army Attachment,Kerala,2022
CMP0095,DLI22SDA000031,ALC,Himachal Pradesh,2024
CMP0096,DLI22SDA000032,CATC,Delhi,2024
CMP0097,DLI22SDA000032,CAT Camp,Delhi,2023
CMP0098,DLI22SDA000033,CATC,Delhi,2022
CMP0099,DLI22SDA000033,CATC,Delhi,2022
CMP0100,DLI22SDA000033,nic,Delhi,2023
CMP0101,DLI22SDA000033,NIC,Punjab,2022
CMP0102,DLI22SDA000034,catc,Delhi,2023
CMP0103,DLI22SDA000034,CATC,Delhi,2023
CMP0104,DLI22SDA000034,ALC,Uttarakhand,2023
CMP0105,DLI22SDA000035,CATC,Delhi,2022
CMP0106,DLI22SDA000035,CATC,Delhi,2024
CMP0107,DLI22SDA000036,CATC,Dehli,2023
CMP0108,DLI22SDA000036,CATC,Delhi,2023
CMP0109,DLI22SDA000036,EBSB,Dehli,2024
CMP0110,DLI22SDA000037,CATC,Delhi,2022
CMP0111,DLI22SDA000037,CATC,Delhi,2022
CMP0112,DLI22SDA000037,EBSB,Himachal Pradesh,2022
CMP0113,DLI22SDA000038,CATC,Delhi,2022
CMP0114,DLI22SDA000038,CATC,Delhi,2024
CMP0115,DLI22SDA000038,RDC,Punjab,2024
CMP0116,DLI22SDA000039,Catc,Dehli,2023
CMP0117,DLI22SDA000039,CATC,Delhi,2024
CMP0118,DLI22SDA000040,CATC,Delhi,2024
CMP0119,DLI22SDA000040,CATC,Delhi,2022
CMP0120,DLI22SDA000041,CATC,Dehli,2024
CMP0121,DLI22SDA000041,CATC,Delhi,2024
CMP0122,DLI22SDA000041,CATC,Delhi,2023
CMP0123,DLI22SDA000042,catc,Delhi,2022
CMP0124,DLI22SDA000042,CATC,Delhi,2024
CMP0125,DLI22SDA000042,ALC,Himachal Pradesh,2022
CMP0126,DLI22SDA000043,CATC,Delhi,2023
CMP0127,DLI22SDA000043,CAT Camp,Delhi,2024
CMP0128,DLI22SDA000043,TSC,Himachal Pradesh,2024
CMP0129,DLI22SDA000044,CATC,Delhi,2022
CMP0130,DLI22SDA000044,CATC,Delhi,2024
CMP0131,DLI22SDA000044,ALC,Kerala,2022
CMP0132,DLI22SDA000045,CATC,Delhi,2024
CMP0133,DLI22SDA000045,CATC,Delhi,2023
CMP0134,DLI22SDA000045,CATC,Delhi,2024
CMP0135,DLI22SDA000045,EBSB,Kerala,2023
CMP0136,DLI22SDA000046,CATC,Delhi,2023
CMP0137,DLI22SDA000046,CATC,Delhi,2023
CMP0138,DLI22SDA000046,NIC,Delhi,2022
CMP0139,DLI22SDA000046,RDC,Rajasthan,2024
CMP0140,DLI22SDA000047,catc,Delhi,2022
CMP0141,DLI22SDA000047,CATC,Delhi,2022
CMP0142,DLI22SDA000047,Army Attachment,Himachal Pradesh,2024
CMP0143,DLI22SDA000047,Army Attachment,Himachal Pradesh,2023
CMP0144,DLI22SDA000048,CATC,Dehli,2023
CMP0145,DLI22SDA000048,CATC,Delhi,2022
CMP0146,DLI22SDA000049,CATC,Delhi,2022
CMP0147,DLI22SDA000049,CATC,Delhi,2024
CMP0148,DLI22SDA000049,Army Attachment,Punjab,2022
CMP0149,DLI22SDA000049,CATC,Delhi,2024
CMP0150,DLI22SDA000050,CATC,Delhi,2023
CMP0151,DLI22SDA000050,catc,Delhi,2024
CMP0152,DLI22SDA000050,Army Attachment,Uttarakhand,2022
CMP0153,DLI22SDA000050,RDC,Punjab,2023
CMP0154,DLI22SDA000051,CATC,Delhi,2022
CMP0155,DLI22SDA000051,CATC,Dehli,2022
CMP0156,DLI22SDA000051,NIC,Himachal Pradesh,2022
CMP0157,DLI22SDA000052,catc,Dehli,2022
CMP0158,DLI22SDA000052,CATC,Dehli,2023
CMP0159,DLI22SDA000053,CATC,Delhi,2023
CMP0160,DLI22SDA000053,CATC,Delhi,2022
CMP0161,DLI22SDA000053,Army Attachment,Uttarakhand,2023
CMP0162,DLI22SDA000053,EBSB,Rajasthan,2024
CMP0163,DLI22SDA000054,CATC,Delhi,2023
CMP0164,DLI22SDA000054,CATC,Delhi,2024
CMP0165,DLI22SDA000055,CATC,Delhi,2022
CMP0166,DLI22SDA000055,CATC,Delhi,2022
CMP0167,DLI22SDA000055,EBSB,Delhi,2024
CMP0168,DLI22SDA000055,EBSB,Uttarakhand,2023
CMP0169,DLI22SDA000056,CATC,Dehli,2022
CMP0170,DLI22SDA000056,CATC,Delhi,2024
CMP0171,DLI22SDA000056,RDC,Rajasthan,2024
CMP0172,DLI22SDA000056,TSC,Assam,2023
CMP0173,DLI22SDA000057,CATC,Delhi,2023
CMP0174,DLI22SDA000057,Catc,Dehli,2023
CMP0175,DLI22SDA000058,CATC,Delhi,2023
CMP0176,DLI22SDA000058,CATC,Delhi,2022
CMP0177,DLI22SDA000058,CATC,Delhi,2022
CMP0178,DLI22SDA000059,CATC,Dehli,2024
CMP0179,DLI22SDA000059,catc,Delhi,2022
CMP0180,DLI22SDA000060,CATC,Delhi,2023
CMP0181,DLI22SDA000060,CATC,Delhi,2022
CMP0182,DLI22SDA000060,alc,Utrakhand,2022
CMP0183,DLI22SDA000061,CATC,Delhi,2023
CMP0184,DLI22SDA000061,CAT Camp,Delhi,2023
CMP0185,DLI22SDA000061,TSC,Himachal Pradesh,2024
CMP0186,DLI22SDA000062,CATC,Delhi,2023
CMP0187,DLI22SDA000062,CATC,Delhi,2022
CMP0188,DLI22SDA000063,CATC,Delhi,2024
CMP0189,DLI22SDA000063,CATC,Delhi,2022
CMP0190,DLI22SDA000063,ALC,Kerala,2022
CMP0191,DLI22SDA000064,CATC,Dehli,2023
CMP0192,DLI22SDA000064,CATC,Delhi,2024
CMP0193,DLI22SDA000064,NIC,Kerala,2022
CMP0194,DLI22SDA000065,Catc,Delhi,2022
CMP0195,DLI22SDA000065,CATC,Delhi,2023
CMP0196,DLI22SDA000066,CAT Camp,Delhi,2023
CMP0197,DLI22SDA000066,CATC,Delhi,2024
CMP0198,DLI22SDA000066,RDC,Punjab,2024
CMP0199,DLI22SDA000066,nic,Kerla,2024
CMP0200,DLI22SDA000067,Catc,Delhi,2022
CMP0201,DLI22SDA000067,CATC,Delhi,2022
CMP0202,DLI22SDA000067,nic,Delhi,2024
CMP0203,DLI22SDA000068,CATC,Delhi,2022
CMP0204,DLI22SDA000068,catc,Delhi,2022
CMP0205,DLI22SDA000068,CATC,Delhi,2024
CMP0206,DLI22SDA000068,TSC,Himachal Prdesh,2024
CMP0207,DLI22SDA000069,CATC,Delhi,2023
CMP0208,DLI22SDA000069,CATC,Delhi,2024
CMP0209,DLI22SDA000070,CATC,Delhi,2022
CMP0210,DLI22SDA000070,CATC,Dehli,2023
CMP0211,DLI22SDA000070,ALC,Kerala,2023
CMP0212,DLI22SDA000070,ALC,Punjab,2024
CMP0213,DLI23SDA000001,CATC,Delhi,2025
CMP0214,DLI23SDA000001,CATC,Delhi,2023
CMP0215,DLI23SDA000001,CAT Camp,Delhi,2023
CMP0216,DLI23SDA000002,CATC,Delhi,2023
CMP0217,DLI23SDA000002,CAT Camp,Delhi,2023
CMP0218,DLI23SDA000002,NIC,Assam,2023
CMP0219,DLI23SDA000003,CATC,Delhi,2024
CMP0220,DLI23SDA000003,CATC,Delhi,2025
CMP0221,DLI23SDA000004,CATC,Delhi,2024
CMP0222,DLI23SDA000004,CATC,Delhi,2025
CMP0223,DLI23SDA000004,Army Attachment,Punjab,2023
CMP0224,DLI23SDA000005,CATC,Delhi,2024
CMP0225,DLI23SDA000005,Catc,Delhi,2025
CMP0226,DLI23SDA000005,TSC,Himachal Pradesh,2025
CMP0227,DLI23SDA000005,ALC,Assam,2023
CMP0228,DLI23SDA000006,CATC,Delhi,2023
CMP0229,DLI23SDA000006,CATC,Delhi,2025
CMP0230,DLI23SDA000006,Army Attachment,Rajasthan,2023
CMP0231,DLI23SDA000007,CATC,Delhi,2025
CMP0232,DLI23SDA000007,catc,Dehli,2024
CMP0233,DLI23SDA000008,CAT Camp,Dehli,2025
CMP0234,DLI23SDA000008,Catc,Delhi,2025
CMP0235,DLI23SDA000008,Army Attachment,Asam,2024
CMP0236,DLI23SDA000009,CATC,Delhi,2025
CMP0237,DLI23SDA000009,CATC,Delhi,2023
CMP0238,DLI23SDA000009,NIC,Rajasthan,2023
CMP0239,DLI23SDA000010,catc,Delhi,2024
CMP0240,DLI23SDA000010,CATC,Delhi,2023
CMP0241,DLI23SDA000011,CATC,Delhi,2023
CMP0242,DLI23SDA000011,CATC,Delhi,2024
CMP0243,DLI23SDA000011,Republic Day Camp,Rajasthan,2025
CMP0244,DLI23SDA000011,Army Attachment,Himachal Pradesh,2024
CMP0245,DLI23SDA000012,CATC,Delhi,2024
CMP0246,DLI23SDA000012,CAT Camp,Delhi,2023
CMP0247,DLI23SDA000012,ebsb,Rajasthan,2025
CMP0248,DLI23SDA000013,CATC,Delhi,2023
CMP0249,DLI23SDA000013,CATC,Delhi,2023
CMP0250,DLI23SDA000014,CAT Camp,Delhi,2023
CMP0251,DLI23SDA000014,catc,Delhi,2024
CMP0252,DLI23SDA000014,NIC,Kerala,2025
CMP0253,DLI23SDA000015,catc,Delhi,2025
CMP0254,DLI23SDA000015,CATC,Delhi,2024
CMP0255,DLI23SDA000016,catc,Delhi,2024
CMP0256,DLI23SDA000016,CATC,Delhi,2024
CMP0257,DLI23SDA000016,Army Attachment,Rajasthan,2023
CMP0258,DLI23SDA000017,CATC,Delhi,2024
CMP0259,DLI23SDA000017,CAT Camp,Dehli,2023
CMP0260,DLI23SDA000017,EBSB,Asam,2025
CMP0261,DLI23SDA000017,TSC,Punjab,2024
CMP0262,DLI23SDA000018,CATC,Delhi,2023
CMP0263,DLI23SDA000018,catc,Delhi,2025
CMP0264,DLI23SDA000019,CATC,Delhi,2025
CMP0265,DLI23SDA000019,CATC,Delhi,2023
CMP0266,DLI23SDA000019,EBSB,Uttarakhand,2023
CMP0267,DLI23SDA000020,CATC,Delhi,2024
CMP0268,DLI23SDA000020,CATC,Delhi,2025
CMP0269,DLI23SDA000021,Catc,Delhi,2023
CMP0270,DLI23SDA000021,CATC,Delhi,2025
CMP0271,DLI23SDA000021,CATC,Delhi,2023
CMP0272,DLI23SDA000021,TSC,Punjab,2024
CMP0273,DLI23SDA000022,CATC,Delhi,2025
CMP0274,DLI23SDA000022,CATC,Delhi,2023
CMP0275,DLI23SDA000023,CATC,Delhi,2024
CMP0276,DLI23SDA000023,CATC,Delhi,2025
CMP0277,DLI23SDA000024,CATC,Delhi,2024
CMP0278,DLI23SDA000024,CATC,Delhi,2025
CMP0279,DLI23SDA000024,ALC,Kerala,2025
CMP0280,DLI23SDA000024,ALC,Delhi,2023
CMP0281,DLI23SDA000025,catc,Delhi,2025
CMP0282,DLI23SDA000025,CATC,Delhi,2025
CMP0283,DLI23SDA000025,EBSB,Rajasthan,2023
CMP0284,DLI23SDA000026,CATC,Dehli,2025
CMP0285,DLI23SDA000026,CATC,Delhi,2024
CMP0286,DLI23SDA000027,CATC,Dehli,2025
CMP0287,DLI23SDA000027,CATC,Delhi,2023
CMP0288,DLI23SDA000027,Army Attachment,Delhi,2023
CMP0289,DLI23SDA000027,CATC,Delhi,2025
CMP0290,DLI23SDA000028,CAT Camp,Delhi,2024
CMP0291,DLI23SDA000028,CATC,Delhi,2025
CMP0292,DLI23SDA000029,CAT Camp,Delhi,2024
CMP0293,DLI23SDA000029,CATC,Dehli,2024
CMP0294,DLI23SDA000029,RDC,Delhi,2024
CMP0295,DLI23SDA000030,CATC,Delhi,2024
CMP0296,DLI23SDA000030,CATC,Dehli,2024
CMP0297,DLI23SDA000030,EBSB,Himachal Pradesh,2025
CMP0298,DLI23SDA000030,EBSB,Himachal Pradesh,2025
CMP0299,DLI23SDA000031,CATC,Delhi,2025
CMP0300,DLI23SDA000031,CATC,Dehli,2025
CMP0301,DLI23SDA000032,CATC,Delhi,2024
CMP0302,DLI23SDA000032,CATC,Delhi,2025
CMP0303,DLI23SDA000032,Army Attachment,Punjab,2025
CMP0304,DLI23SDA000032,TSC,Delhi,2025
CMP0305,DLI23SDA000033,CATC,Delhi,2025
CMP0306,DLI23SDA000033,CATC,Delhi,2023
CMP0307,DLI23SDA000033,RDC,Assam,2023
CMP0308,DLI23SDA000033,EBSB,Assam,2025
CMP0309,DLI23SDA000034,CATC,Dehli,2024
CMP0310,DLI23SDA000034,CATC,Delhi,2024
CMP0311,DLI23SDA000034,CATC,Delhi,2023
CMP0312,DLI23SDA000035,CATC,Delhi,2025
CMP0313,DLI23SDA000035,CATC,Dehli,2024
CMP0314,DLI23SDA000036,CATC,Delhi,2023
CMP0315,DLI23SDA000036,CATC,Dehli,2024
CMP0316,DLI23SDA000036,CATC,Delhi,2023
CMP0317,DLI23SDA000036,ebsb,Uttarakhand,2023
CMP0318,DLI23SDA000037,CATC,Delhi,2024
CMP0319,DLI23SDA000037,CATC,Delhi,2025
CMP0320,DLI23SDA000037,ALC,Rajasthan,2025
CMP0321,DLI23SDA000037,nic,Kerla,2024
CMP0322,DLI23SDA000038,CATC,Delhi,2024
CMP0323,DLI23SDA000038,CATC,Delhi,2024
CMP0324,DLI23SDA000038,NIC,Kerla,2023
CMP0325,DLI23SDA000039,CATC,Delhi,2023
CMP0326,DLI23SDA000039,CATC,Delhi,2025
CMP0327,DLI23SDA000039,NIC,Assam,2025
CMP0328,DLI23SDA000040,CATC,Delhi,2024
CMP0329,DLI23SDA000040,CATC,Delhi,2024
CMP0330,DLI23SDA000040,TSC,Rajasthan,2024
CMP0331,DLI23SDA000041,Catc,Delhi,2023
CMP0332,DLI23SDA000041,CATC,Delhi,2023
CMP0333,DLI23SDA000041,Army Attachment,Delhi,2025
CMP0334,DLI23SDA000042,CATC,Dehli,2024
CMP0335,DLI23SDA000042,CATC,Delhi,2023
CMP0336,DLI23SDA000042,NIC,Assam,2023
CMP0337,DLI23SDA000042,rdc,Himachal Pradesh,2024
CMP0338,DLI23SDA000043,CATC,Delhi,2025
CMP0339,DLI23SDA000043,CATC,Delhi,2023
CMP0340,DLI23SDA000043,RDC,Delhi,2025
CMP0341,DLI23SDA000044,CATC,Delhi,2023
CMP0342,DLI23SDA000044,CATC,Delhi,2024
CMP0343,DLI23SDA000044,CATC,Dehli,2023
CMP0344,DLI23SDA000044,CATC,Delhi,2025
CMP0345,DLI23SDA000045,CAT Camp,Delhi,2025
CMP0346,DLI23SDA000045,CATC,Delhi,2024
CMP0347,DLI23SDA000046,CATC,Dehli,2025
CMP0348,DLI23SDA000046,CATC,Delhi,2023
CMP0349,DLI23SDA000047,CATC,Delhi,2023
CMP0350,DLI23SDA000047,Catc,Delhi,2023
CMP0351,DLI23SDA000047,CATC,Delhi,2024
CMP0352,DLI23SDA000048,CAT Camp,Delhi,2025
CMP0353,DLI23SDA000048,CATC,Delhi,2025
CMP0354,DLI23SDA000048,EBSB,Punjab,2024
CMP0355,DLI23SDA000048,Army Att.,Kerala,2025
CMP0356,DLI23SDA000049,CAT Camp,Delhi,2024
CMP0357,DLI23SDA000049,Catc,Delhi,2023
CMP0358,DLI23SDA000049,EBSB,Uttarakhand,2023
CMP0359,DLI23SDA000049,EBSB,Delhi,2025
CMP0360,DLI23SDA000050,CATC,Delhi,2024
CMP0361,DLI23SDA000050,CATC,Delhi,2023
CMP0362,DLI23SDA000050,TSC,Utrakhand,2024
CMP0363,DLI23SDA000050,tsc,Kerala,2025
CMP0364,DLI23SDA000051,CATC,Delhi,2024
CMP0365,DLI23SDA000051,CATC,Delhi,2025
CMP0366,DLI23SDA000052,CATC,Delhi,2024
CMP0367,DLI23SDA000052,CATC,Dehli,2025
CMP0368,DLI23SDA000052,RDC,Himachal Pradesh,2024
CMP0369,DLI23SDA000053,CATC,Dehli,2023
CMP0370,DLI23SDA000053,CATC,Delhi,2023
CMP0371,DLI23SDA000053,TSC,Punjab,2023
CMP0372,DLI23SDA000054,CATC,Delhi,2024
CMP0373,DLI23SDA000054,Catc,Dehli,2023
CMP0374,DLI23SDA000054,Republic Day Camp,Kerala,2024
CMP0375,DLI23SDA000055,Catc,Dehli,2025
CMP0376,DLI23SDA000055,CATC,Delhi,2023
CMP0377,DLI23SDA000056,CATC,Delhi,2023
CMP0378,DLI23SDA000056,CAT Camp,Delhi,2024
CMP0379,DLI23SDA000056,NIC,Rajasthan,2025
CMP0380,DLI23SDA000056,NIC,Himachal Prdesh,2023
CMP0381,DLI23SDA000057,CATC,Delhi,2025
CMP0382,DLI23SDA000057,CATC,Delhi,2023
CMP0383,DLI23SDA000057,RDC,Rajasthan,2025
CMP0384,DLI23SDA000058,CATC,Delhi,2025
CMP0385,DLI23SDA000058,CATC,Dehli,2025
CMP0386,DLI23SDA000058,NIC,Kerala,2024
CMP0387,DLI23SDA000058,ALC,Himachal Prdesh,2025
CMP0388,DLI23SDA000059,CATC,Delhi,2025
CMP0389,DLI23SDA000059,CATC,Delhi,2025
CMP0390,DLI23SDA000059,alc,Punjab,2023
CMP0391,DLI23SDA000059,ALC,Rajasthan,2024
CMP0392,DLI23SDA000060,CATC,Delhi,2023
CMP0393,DLI23SDA000060,CATC,Delhi,2023
CMP0394,DLI23SDA000060,NIC,Delhi,2025
CMP0395,DLI23SDA000061,CATC,Dehli,2025
CMP0396,DLI23SDA000061,CATC,Delhi,2023
CMP0397,DLI23SDA000062,CAT Camp,Delhi,2023
CMP0398,DLI23SDA000062,Catc,Delhi,2023
CMP0399,DLI23SDA000062,ALC,Punjab,2023
CMP0400,DLI23SDA000062,ALC,Himachal Pradesh,2025
CMP0401,DLI23SDA000063,CATC,Delhi,2024
CMP0402,DLI23SDA000063,CATC,Delhi,2024
CMP0403,DLI23SDA000063,Army Attachment,Rajasthan,2025
CMP0404,DLI23SDA000064,CATC,Dehli,2025
CMP0405,DLI23SDA000064,CATC,Delhi,2023
CMP0406,DLI23SDA000065,CATC,Delhi,2023
CMP0407,DLI23SDA000065,CATC,Delhi,2025
CMP0408,DLI23SDA000065,EBSB,Kerala,2025
CMP0409,DLI23SDA000066,CATC,Delhi,2024
CMP0410,DLI23SDA000066,CATC,Delhi,2025
CMP0411,DLI23SDA000066,TSC,Rajasthan,2024
CMP0412,DLI23SDA000067,CATC,Delhi,2025
CMP0413,DLI23SDA000067,CATC,Delhi,2025
CMP0414,DLI23SDA000067,CATC,Delhi,2023
CMP0415,DLI23SDA000068,CATC,Delhi,2024
CMP0416,DLI23SDA000068,CATC,Dehli,2025
CMP0417,DLI23SDA000068,alc,Assam,2025
CMP0418,DLI23SDA000069,CATC,Delhi,2024
CMP0419,DLI23SDA000069,CATC,Delhi,2023
CMP0420,DLI23SDA000069,EBSB,Rajasthan,2023
CMP0421,DLI23SDA000069,TSC,Rajasthan,2025
CMP0422,DLI23SDA000070,CATC,Delhi,2025
CMP0423,DLI23SDA000070,CATC,Dehli,2025
CMP0424,DLI24SDA000001,catc,Delhi,2024
CMP0425,DLI24SDA000001,CATC,Delhi,2026
CMP0426,DLI24SDA000002,CATC,Delhi,2025
CMP0427,DLI24SDA000002,CATC,Delhi,2025
CMP0428,DLI24SDA000002,EBSB,Delhi,2024
CMP0429,DLI24SDA000003,CATC,Delhi,2025
CMP0430,DLI24SDA000003,CATC,Dehli,2025
CMP0431,DLI24SDA000003,NIC,Punjab,2025
CMP0432,DLI24SDA000004,CATC,Dehli,2026
CMP0433,DLI24SDA000004,CATC,Dehli,2026
CMP0434,DLI24SDA000005,CATC,Delhi,2025
CMP0435,DLI24SDA000005,CATC,Delhi,2025
CMP0436,DLI24SDA000005,RDC,Punjaab,2024
CMP0437,DLI24SDA000006,CATC,Delhi,2026
CMP0438,DLI24SDA000006,CATC,Delhi,2026
CMP0439,DLI24SDA000006,TSC,Asam,2025
CMP0440,DLI24SDA000006,TSC,Rajasthan,2025
CMP0441,DLI24SDA000007,CATC,Dehli,2024
CMP0442,DLI24SDA000007,CATC,Dehli,2025
CMP0443,DLI24SDA000008,CATC,Delhi,2026
CMP0444,DLI24SDA000008,CATC,Delhi,2026
CMP0445,DLI24SDA000009,CATC,Delhi,2025
CMP0446,DLI24SDA000009,CATC,Delhi,2024
CMP0447,DLI24SDA000009,nic,Rajasthan,2026
CMP0448,DLI24SDA000009,Army Attachment,Punjab,2026
CMP0449,DLI24SDA000010,CATC,Delhi,2025
CMP0450,DLI24SDA000010,CATC,Delhi,2025
CMP0451,DLI24SDA000010,EBSB,Punjab,2024
CMP0452,DLI24SDA000010,CATC,Delhi,2024
CMP0453,DLI24SDA000011,CAT Camp,Delhi,2026
CMP0454,DLI24SDA000011,CATC,Delhi,2024
CMP0455,DLI24SDA000011,Catc,Delhi,2025
CMP0456,DLI24SDA000011,Catc,Delhi,2026
CMP0457,DLI24SDA000012,CATC,Delhi,2026
CMP0458,DLI24SDA000012,CATC,Delhi,2025
CMP0459,DLI24SDA000013,CATC,Dehli,2024
CMP0460,DLI24SDA000013,CATC,Delhi,2025
CMP0461,DLI24SDA000014,CATC,Delhi,2026
CMP0462,DLI24SDA000014,CATC,Delhi,2024
CMP0463,DLI24SDA000015,Catc,Delhi,2024
CMP0464,DLI24SDA000015,CATC,Delhi,2026
CMP0465,DLI24SDA000015,NIC,Delhi,2025
CMP0466,DLI24SDA000016,CATC,Delhi,2024
CMP0467,DLI24SDA000016,CATC,Delhi,2025
CMP0468,DLI24SDA000016,ALC,Delhi,2024
CMP0469,DLI24SDA000017,CATC,Delhi,2026
CMP0470,DLI24SDA000017,CATC,Dehli,2024
CMP0471,DLI24SDA000018,CATC,Delhi,2025
CMP0472,DLI24SDA000018,CATC,Delhi,2026
CMP0473,DLI24SDA000018,EBSB,Himachal Pradesh,2025
CMP0474,DLI24SDA000018,CATC,Delhi,2024
CMP0475,DLI24SDA000019,CATC,Delhi,2026
CMP0476,DLI24SDA000019,CATC,Dehli,2024
CMP0477,DLI24SDA000019,CAT Camp,Delhi,2025
CMP0478,DLI24SDA000020,Catc,Delhi,2026
CMP0479,DLI24SDA000020,CATC,Delhi,2024
CMP0480,DLI24SDA000020,alc,Kerala,2024
CMP0481,DLI24SDA000020,nic,Uttarakhand,2026
CMP0482,DLI24SDA000021,CATC,Delhi,2025
CMP0483,DLI24SDA000021,CATC,Delhi,2025
CMP0484,DLI24SDA000021,TSC,Uttarakhand,2026
CMP0485,DLI24SDA000022,Catc,Dehli,2024
CMP0486,DLI24SDA000022,CATC,Delhi,2025
CMP0487,DLI24SDA000023,CATC,Delhi,2025
CMP0488,DLI24SDA000023,CATC,Delhi,2025
CMP0489,DLI24SDA000023,CATC,Delhi,2025
CMP0490,DLI24SDA000023,CATC,Dehli,2026
CMP0491,DLI24SDA000024,CATC,Delhi,2025
CMP0492,DLI24SDA000024,CATC,Delhi,2024
CMP0493,DLI24SDA000024,catc,Delhi,2026
CMP0494,DLI24SDA000025,CATC,Delhi,2025
CMP0495,DLI24SDA000025,CATC,Delhi,2024
CMP0496,DLI24SDA000026,CATC,Delhi,2025
CMP0497,DLI24SDA000026,CATC,Delhi,2026
CMP0498,DLI24SDA000027,CAT Camp,Delhi,2025
CMP0499,DLI24SDA000027,CATC,Delhi,2025
CMP0500,DLI24SDA000027,CATC,Delhi,2025
CMP0501,DLI24SDA000028,CATC,Delhi,2025
CMP0502,DLI24SDA000028,CATC,Delhi,2024
CMP0503,DLI24SDA000028,ALC,Punjab,2026
CMP0504,DLI24SDA000028,ALC,Assam,2025
CMP0505,DLI24SDA000029,CATC,Delhi,2025
CMP0506,DLI24SDA000029,CATC,Delhi,2025
CMP0507,DLI24SDA000029,Army Attachment,Punjab,2024
CMP0508,DLI24SDA000029,RDC,Delhi,2026
CMP0509,DLI24SDA000030,CATC,Delhi,2024
CMP0510,DLI24SDA000030,CATC,Delhi,2024
CMP0511,DLI24SDA000031,CATC,Delhi,2026
CMP0512,DLI24SDA000031,CATC,Delhi,2026
CMP0513,DLI24SDA000032,CAT Camp,Delhi,2024
CMP0514,DLI24SDA000032,CATC,Delhi,2026
CMP0515,DLI24SDA000033,CATC,Delhi,2025
CMP0516,DLI24SDA000033,catc,Delhi,2025
CMP0517,DLI24SDA000034,CATC,Delhi,2024
CMP0518,DLI24SDA000034,CATC,Delhi,2024
CMP0519,DLI24SDA000035,CATC,Delhi,2025
CMP0520,DLI24SDA000035,Catc,Delhi,2024
CMP0521,DLI24SDA000036,catc,Delhi,2026
CMP0522,DLI24SDA000036,CATC,Delhi,2024
CMP0523,DLI24SDA000037,CATC,Delhi,2026
CMP0524,DLI24SDA000037,CATC,Delhi,2025
CMP0525,DLI24SDA000037,CATC,Dehli,2026
CMP0526,DLI24SDA000038,CATC,Dehli,2025
CMP0527,DLI24SDA000038,CATC,Dehli,2025
CMP0528,DLI24SDA000038,ALC,Himachal Pradesh,2025
CMP0529,DLI24SDA000038,TSC,Rajasthan,2024
CMP0530,DLI24SDA000039,CAT Camp,Delhi,2025
CMP0531,DLI24SDA000039,Catc,Dehli,2026
CMP0532,DLI24SDA000039,NIC,Uttarakhand,2025
CMP0533,DLI24SDA000040,Catc,Delhi,2025
CMP0534,DLI24SDA000040,CATC,Delhi,2024
CMP0535,DLI24SDA000040,Army Attachment,Rajastan,2024
CMP0536,DLI24SDA000041,CATC,Delhi,2024
CMP0537,DLI24SDA000041,CATC,Delhi,2025
CMP0538,DLI24SDA000041,Army Att.,Uttarakhand,2025
CMP0539,DLI24SDA000042,CATC,Delhi,2025
CMP0540,DLI24SDA000042,CATC,Delhi,2024
CMP0541,DLI24SDA000042,RDC,Kerala,2025
CMP0542,DLI24SDA000043,CATC,Dehli,2024
CMP0543,DLI24SDA000043,CATC,Delhi,2025
CMP0544,DLI24SDA000043,NIC,Kerala,2025
CMP0545,DLI24SDA000043,NIC,Punjab,2024
CMP0546,DLI24SDA000044,CATC,Delhi,2024
CMP0547,DLI24SDA000044,CATC,Delhi,2024
CMP0548,DLI24SDA000045,CATC,Delhi,2024
CMP0549,DLI24SDA000045,CATC,Delhi,2024
CMP0550,DLI24SDA000045,RDC,Kerala,2024
CMP0551,DLI24SDA000046,CATC,Delhi,2024
CMP0552,DLI24SDA000046,CATC,Delhi,2026
CMP0553,DLI24SDA000047,Catc,Delhi,2024
CMP0554,DLI24SDA000047,CATC,Delhi,2026
CMP0555,DLI24SDA000047,CATC,Delhi,2024
CMP0556,DLI24SDA000047,TSC,Himachal Pradesh,2024
CMP0557,DLI24SDA000048,CATC,Delhi,2025
CMP0558,DLI24SDA000048,CATC,Delhi,2024
CMP0559,DLI24SDA000049,CATC,Delhi,2024
CMP0560,DLI24SDA000049,CATC,Delhi,2024
CMP0561,DLI24SDA000050,CATC,Delhi,2024
CMP0562,DLI24SDA000050,CATC,Delhi,2026
CMP0563,DLI24SDA000051,CATC,Delhi,2024
CMP0564,DLI24SDA000051,CATC,Delhi,2025
CMP0565,DLI24SDA000051,TSC,Punjab,2024
CMP0566,DLI24SDA000051,CATC,Delhi,2024
CMP0567,DLI24SDA000052,CATC,Delhi,2026
CMP0568,DLI24SDA000052,CATC,Delhi,2025
CMP0569,DLI24SDA000053,CATC,Dehli,2024
CMP0570,DLI24SDA000053,CATC,Delhi,2024
CMP0571,DLI24SDA000054,CATC,Delhi,2026
CMP0572,DLI24SDA000054,CATC,Delhi,2025
CMP0573,DLI24SDA000055,CATC,Delhi,2025
CMP0574,DLI24SDA000055,CATC,Delhi,2024
CMP0575,DLI24SDA000056,CATC,Delhi,2026
CMP0576,DLI24SDA000056,CATC,Delhi,2024
CMP0577,DLI24SDA000056,RDC,Uttarakhand,2026
CMP0578,DLI24SDA000056,EBSB,Kerala,2026
CMP0579,DLI24SDA000057,CATC,Delhi,2024
CMP0580,DLI24SDA000057,CATC,Delhi,2025
CMP0581,DLI24SDA000058,CATC,Delhi,2024
CMP0582,DLI24SDA000058,CATC,Delhi,2024
CMP0583,DLI24SDA000058,EBSB,Rajasthan,2025
CMP0584,DLI24SDA000058,ALC,Himachal Pradesh,2026
CMP0585,DLI24SDA000059,CATC,Delhi,2025
CMP0586,DLI24SDA000059,CATC,Delhi,2024
CMP0587,DLI24SDA000059,NIC,Uttarakhand,2024
CMP0588,DLI24SDA000060,CATC,Delhi,2025
CMP0589,DLI24SDA000060,CATC,Delhi,2024
CMP0590,DLI24SDA000060,CATC,Delhi,2025
CMP0591,DLI24SDA000060,CATC,Delhi,2024
CMP0592,DLI24SDA000061,CATC,Delhi,2024
CMP0593,DLI24SDA000061,CATC,Delhi,2025
CMP0594,DLI24SDA000061,NIC,Delhi,2024
CMP0595,DLI24SDA000061,Catc,Delhi,2026
CMP0596,DLI24SDA000062,Catc,Delhi,2026
CMP0597,DLI24SDA000062,CATC,Delhi,2025
CMP0598,DLI24SDA000062,nic,Rajastan,2025
CMP0599,DLI24SDA000062,Army Attachment,Assam,2025
CMP0600,DLI24SDA000063,CATC,Delhi,2025
CMP0601,DLI24SDA000063,CATC,Delhi,2026
CMP0602,DLI24SDA000063,Army Attachment,Kerala,2026
CMP0603,DLI24SDA000064,CATC,Delhi,2026
CMP0604,DLI24SDA000064,CATC,Delhi,2026
CMP0605,DLI24SDA000065,CATC,Delhi,2026
CMP0606,DLI24SDA000065,CAT Camp,Delhi,2024
CMP0607,DLI24SDA000066,CATC,Delhi,2024
CMP0608,DLI24SDA000066,CATC,Dehli,2026
CMP0609,DLI24SDA000066,NIC,Delhi,2025
CMP0610,DLI24SDA000066,ALC,Assam,2025
CMP0611,DLI24SDA000067,CATC,Delhi,2025
CMP0612,DLI24SDA000067,CATC,Delhi,2025
CMP0613,DLI24SDA000068,CATC,Delhi,2026
CMP0614,DLI24SDA000068,CAT Camp,Delhi,2024
CMP0615,DLI24SDA000068,Army Attachment,Himachal Pradesh,2025
CMP0616,DLI24SDA000068,Army Attachment,Uttarakhand,2025
CMP0617,DLI24SDA000069,CATC,Delhi,2024
CMP0618,DLI24SDA000069,CATC,Delhi,2024
CMP0619,DLI24SDA000069,TSC,Rajasthan,2025
CMP0620,DLI24SDA000070,CATC,Delhi,2026
CMP0621,DLI24SDA000070,CATC,Delhi,2026
CMP0622,DLI24SDA000070,ALC,Assam,2024
CMP0623,DLI24SDA000070,TSC,Punjab,2026
CMP0624,DLI25SDA000001,EBSB,Delhi,2026
CMP0625,DLI25SDA000001,ALC,Punjab,2025
CMP0626,DLI25SDA000002,TSC,Assam,2026
CMP0627,DLI25SDA000002,CATC,Delhi,2026
CMP0628,DLI25SDA000002,Army Attachment,Uttarakhand,2026
CMP0629,DLI25SDA000003,TSC,Utrakhand,2025
CMP0630,DLI25SDA000003,NIC,Kerala,2025
CMP0631,DLI25SDA000003,Army Attachment,Himachal Pradesh,2026
CMP0632,DLI25SDA000004,tsc,Himachal Prdesh,2026
CMP0633,DLI25SDA000004,EBSB,Delhi,2025
CMP0634,DLI25SDA000004,RDC,Himachal Pradesh,2025
CMP0635,DLI25SDA000005,RDC,Delhi,2026
CMP0636,DLI25SDA000006,TSC,Rajasthan,2026
CMP0637,DLI25SDA000006,RDC,Delhi,2025
CMP0638,DLI25SDA000007,NIC,Kerala,2025
CMP0639,DLI25SDA000008,NIC,Himachal Pradesh,2025
CMP0640,DLI25SDA000008,RDC,Asam,2026
CMP0641,DLI25SDA000008,CATC,Delhi,2026
CMP0642,DLI25SDA000009,RDC,Punjab,2025
CMP0643,DLI25SDA000010,ALC,Delhi,2026
CMP0644,DLI25SDA000010,CATC,Delhi,2026
CMP0645,DLI25SDA000011,EBSB,Kerla,2026
CMP0646,DLI25SDA000011,TSC,Kerala,2026
CMP0647,DLI25SDA000011,tsc,Rajastan,2025
CMP0648,DLI25SDA000012,NIC,Kerla,2026
CMP0649,DLI25SDA000012,Army Attachment,Himachal Pradesh,2026
CMP0650,DLI25SDA000012,CATC,Delhi,2026
CMP0651,DLI25SDA000013,NIC,Himachal Pradesh,2025
CMP0652,DLI25SDA000013,ALC,Punjab,2025
CMP0653,DLI25SDA000013,CATC,Delhi,2026
CMP0654,DLI25SDA000014,Army Attachment,Rajasthan,2026
CMP0655,DLI25SDA000014,EBSB,Himachal Prdesh,2025
CMP0656,DLI25SDA000015,RDC,Kerala,2026
CMP0657,DLI25SDA000015,tsc,Himachal Prdesh,2025
CMP0658,DLI25SDA000016,NIC,Rajastan,2025
CMP0659,DLI25SDA000017,nic,Delhi,2025
CMP0660,DLI25SDA000017,RDC,Delhi,2026
CMP0661,DLI25SDA000018,EBSB,Kerala,2026
CMP0662,DLI25SDA000019,tsc,Punjab,2026
CMP0663,DLI25SDA000019,NIC,Assam,2026
CMP0664,DLI25SDA000019,Army Attachment,Kerala,2025
CMP0665,DLI25SDA000020,CATC,Delhi,2025
CMP0666,DLI25SDA000020,RDC,Rajasthan,2026
CMP0667,DLI25SDA000020,nic,Rajasthan,2026
CMP0668,DLI25SDA000021,RDC,Kerala,2026
CMP0669,DLI25SDA000022,ebsb,Himachal Pradesh,2026
CMP0670,DLI25SDA000023,EBSB,Kerala,2026
CMP0671,DLI25SDA000024,Army Att.,Assam,2026
CMP0672,DLI25SDA000024,rdc,Assam,2026
CMP0673,DLI25SDA000025,NIC,Assam,2025
CMP0674,DLI25SDA000025,Army Attachment,Punjab,2026
CMP0675,DLI25SDA000026,TSC,Punjab,2026
CMP0676,DLI25SDA000026,RDC,Delhi,2026
CMP0677,DLI25SDA000026,alc,Punjab,2025
CMP0678,DLI25SDA000027,TSC,Himachal Pradesh,2026
CMP0679,DLI25SDA000028,NIC,Asam,2025
CMP0680,DLI25SDA000028,CATC,Delhi,2026
CMP0681,DLI25SDA000029,NIC,Assam,2025
CMP0682,DLI25SDA000030,NIC,Delhi,2025
CMP0683,DLI25SDA000030,ALC,Punjab,2026
CMP0684,DLI25SDA000030,CATC,Delhi,2026
CMP0685,DLI25SDA000031,ALC,Uttarakhand,2026
CMP0686,DLI25SDA000031,ALC,Himachal Pradesh,2025
CMP0687,DLI25SDA000031,NIC,Uttarakhand,2025
CMP0688,DLI25SDA000032,CATC,Delhi,2025
CMP0689,DLI25SDA000032,ALC,Punjab,2025
CMP0690,DLI25SDA000033,tsc,Uttarakhand,2026
CMP0691,DLI25SDA000033,NIC,Punjab,2026
CMP0692,DLI25SDA000033,tsc,Uttarakhand,2026
CMP0693,DLI25SDA000034,TSC,Himachal Pradesh,2025
CMP0694,DLI25SDA000034,CATC,Delhi,2026
CMP0695,DLI25SDA000034,Army Attachment,Assam,2026
CMP0696,DLI25SDA000035,TSC,Punjab,2026
CMP0697,DLI25SDA000035,Army Attachment,Kerala,2026
CMP0698,DLI25SDA000035,ALC,Punjab,2025
CMP0699,DLI25SDA000036,Army Attachment,Kerala,2025
CMP0700,DLI25SDA000036,CATC,Delhi,2025
CMP0701,DLI25SDA000037,Army Attachment,Delhi,2025
CMP0702,DLI25SDA000037,TSC,Rajasthan,2026
CMP0703,DLI25SDA000037,nic,Kerala,2026
CMP0704,DLI25SDA000038,CATC,Delhi,2026
CMP0705,DLI25SDA000038,NIC,Himachal Pradesh,2026
CMP0706,DLI25SDA000039,CATC,Delhi,2026
CMP0707,DLI25SDA000039,ALC,Delhi,2026
CMP0708,DLI25SDA000039,Army Attachment,Kerala,2026
CMP0709,DLI25SDA000040,NIC,Rajasthan,2026
CMP0710,DLI25SDA000041,CATC,Delhi,2026
CMP0711,DLI25SDA000041,EBSB,Uttarakhand,2026
CMP0712,DLI25SDA000041,TSC,Dehli,2026
CMP0713,DLI25SDA000042,RDC,Punjab,2025
CMP0714,DLI25SDA000043,CATC,Delhi,2025
CMP0715,DLI25SDA000043,CATC,Delhi,2026
CMP0716,DLI25SDA000044,catc,Delhi,2026
CMP0717,DLI25SDA000045,TSC,Uttarakhand,2025
CMP0718,DLI25SDA000046,ALC,Rajastan,2026
CMP0719,DLI25SDA000047,ALC,Rajasthan,2026
CMP0720,DLI25SDA000048,NIC,Punjab,2026
CMP0721,DLI25SDA000049,RDC,Kerala,2026
CMP0722,DLI25SDA000049,EBSB,Assam,2026
CMP0723,DLI25SDA000050,EBSB,Delhi,2026
CMP0724,DLI25SDA000051,TSC,Rajasthan,2026
CMP0725,DLI25SDA000052,EBSB,Kerala,2025
CMP0726,DLI25SDA000052,CATC,Delhi,2026
CMP0727,DLI25SDA000052,RDC,Himachal Pradesh,2026
CMP0728,DLI25SDA000053,Army Attachment,Uttarakhand,2026
CMP0729,DLI25SDA000053,Army Attachment,Utrakhand,2026
CMP0730,DLI25SDA000054,Army Attachment,Kerala,2026
CMP0731,DLI25SDA000054,Army Attachment,Himachal Pradesh,2025
CMP0732,DLI25SDA000055,CATC,Dehli,2026
CMP0733,DLI25SDA000056,ALC,Uttarakhand,2026
CMP0734,DLI25SDA000056,ALC,Delhi,2026
CMP0735,DLI25SDA000057,NIC,Punjab,2026
CMP0736,DLI25SDA000057,tsc,Uttarakhand,2026
CMP0737,DLI25SDA000058,NIC,Punjab,2026
CMP0738,DLI25SDA000058,TSC,Uttarakhand,2025
CMP0739,DLI25SDA000058,ALC,Punjab,2025
CMP0740,DLI25SDA000059,TSC,Rajasthan,2026
CMP0741,DLI25SDA000059,TSC,Himachal Pradesh,2025
CMP0742,DLI25SDA000060,EBSB,Kerala,2025
CMP0743,DLI25SDA000060,RDC,Uttarakhand,2025
CMP0744,DLI25SDA000061,Army Att.,Uttarakhand,2026
CMP0745,DLI25SDA000061,Army Att.,Himachal Pradesh,2025
CMP0746,DLI25SDA000062,TSC,Rajasthan,2026
CMP0747,DLI25SDA000063,alc,Kerala,2026
CMP0748,DLI25SDA000063,NIC,Punjab,2025
CMP0749,DLI25SDA000063,ALC,Assam,2025
CMP0750,DLI25SDA000064,Army Attachment,Asam,2026
CMP0751,DLI25SDA000064,Army Attachment,Dehli,2026
CMP0752,DLI25SDA000064,Catc,Delhi,2026
CMP0753,DLI25SDA000065,EBSB,Delhi,2025
CMP0754,DLI25SDA000065,Army Attachment,Delhi,2026
CMP0755,DLI25SDA000065,TSC,Uttarakhand,2025
CMP0756,DLI25SDA000066,TSC,Himachal Pradesh,2026
CMP0757,DLI25SDA000066,EBSB,Himachal Pradesh,2025
CMP0758,DLI25SDA000067,Army Attachment,Kerala,2025
CMP0759,DLI25SDA000068,TSC,Uttarakhand,2026
CMP0760,DLI25SDA000068,Army Attachment,Kerala,2026
CMP0761,DLI25SDA000068,ALC,Delhi,2025
CMP0762,DLI25SDA000069,alc,Assam,2026
CMP0763,DLI25SDA000069,Army Attachment,Himachal Prdesh,2025
CMP0764,DLI25SDA000070,tsc,Kerala,2026
CMP0765,DLI25SDA000071,ALC,Rajasthan,2026
CMP0766,DLI25SDA000071,nic,Delhi,2026
CMP0767,DLI25SDA000071,RDC,Dehli,2026
CMP0768,DLI26SDA000001,ALC,Delhi,2026
CMP0769,DLI26SDA000006,Army Attachment,Delhi,2026
CMP0770,DLI26SDA000008,CATC,Delhi,2026
CMP0771,DLI26SDA000010,Army Attachment,Rajasthan,2026
CMP0772,DLI26SDA000011,Army Attachment,Punjaab,2026
CMP0773,DLI26SDA000012,ALC,Assam,2026
CMP0774,DLI26SDA000015,NIC,Kerala,2026
CMP0775,DLI26SDA000021,NIC,Assam,2026
CMP0776,DLI26SDA000023,ALC,Punjab,2026
CMP0777,DLI26SDA000024,NIC,Himachal Pradesh,2026
CMP0778,DLI26SDA000025,Army Attachment,Kerala,2026
CMP0779,DLI26SDA000027,rdc,Rajasthan,2026
CMP0780,DLI26SDA000029,RDC,Assam,2026
CMP0781,DLI26SDA000031,TSC,Delhi,2026
CMP0782,DLI26SDA000033,EBSB,Assam,2026
CMP0783,DLI26SDA000036,NIC,Kerala,2026
CMP0784,DLI26SDA000037,EBSB,Himachal Pradesh,2026
CMP0785,DLI26SDA000042,TSC,Kerala,2026
CMP0786,DLI26SDA000043,Army Attachment,Rajasthan,2026
CMP0787,DLI26SDA000046,EBSB,Uttarakhand,2026
CMP0788,DLI26SDA000049,NIC,Assam,2026
CMP0789,DLI26SDA000051,RDC,Himachal Prdesh,2026
CMP0790,DLI26SDA000052,rdc,Assam,2026
CMP0791,DLI26SDA000059,alc,Uttarakhand,2026
CMP0792,DLI26SDA000066,EBSB,Rajasthan,2026
CMP0793,DLI26SDA000069,rdc,Assam,2026
CMP0794,DLI26SDA000070,NIC,Assam,2026
CMP0795,DLI22SDA000066,nic,Kerla,2024
CMP0796,DLI24SDA000010,CATC,Delhi,2025
CMP0797,DLI24SDA000060,CATC,Delhi,2025
CMP0798,DLI24SDA000046,CATC,Delhi,2024
CMP0799,DLI24SDA000052,CATC,Delhi,2026
CMP0800,DLI24SDA000065,CAT Camp,Delhi,2024
CMP0801,DLI22SDA000009,CATC,Delhi,2022
CMP0802,DLI22SDA000002,CATC,Dehli,2024
CMP0803,DLI25SDA000030,NIC,Delhi,2025
CMP0804,DLI24SDA000033,catc,Delhi,2025
CMP0805,DLI23SDA000035,CATC,Delhi,2025
CMP0806,DLI25SDA000052,RDC,Himachal Pradesh,2026
CMP0807,DLI25SDA000019,tsc,Punjab,2026
CMP0808,DLI23SDA000001,CAT Camp,Delhi,2023
CMP0809,DLI24SDA000038,CATC,Dehli,2025
CMP0810,DLI23SDA000027,CATC,Dehli,2025
CMP0811,DLI24SDA000056,CATC,Delhi,2026
CMP0812,DLI23SDA000057,RDC,Rajasthan,2025
CMP0813,DLI22SDA000041,CATC,Delhi,2024
CMP0814,DLI23SDA000056,CAT Camp,Delhi,2024
CMP0815,DLI25SDA000039,CATC,Delhi,2026
CMP0816,DLI25SDA000001,EBSB,Delhi,2026
CMP0817,DLI23SDA000058,ALC,Himachal Prdesh,2025
CMP0818,DLI24SDA000066,NIC,Delhi,2025
CMP0819,DLI24SDA000051,TSC,Punjab,2024
CMP0820,DLI22SDA000035,CATC,Delhi,2024
CMP0821,DLI23SDA000002,CATC,Delhi,2023
CMP0822,DLI22SDA000045,EBSB,Kerala,2023
CMP0823,DLI22SDA000056,RDC,Rajasthan,2024
CMP0824,DLI25SDA000031,ALC,Uttarakhand,2026
CMP0825,DLI22SDA000023,CATC,Delhi,2022
CMP0826,DLI22SDA000057,CATC,Delhi,2023
CMP0827,DLI23SDA000029,CAT Camp,Delhi,2024
CMP0828,DLI24SDA000058,EBSB,Rajasthan,2025
CMP0829,DLI23SDA000053,CATC,Delhi,2023
CMP0830,DLI23SDA000025,catc,Delhi,2025
CMP0831,DLI22SDA000067,Catc,Delhi,2022
CMP0832,DLI25SDA000032,ALC,Punjab,2025
CMP0833,DLI22SDA000056,CATC,Delhi,2024
CMP0834,DLI24SDA000062,nic,Rajastan,2025
CMP0835,DLI24SDA000058,CATC,Delhi,2024
CMP0836,DLI22SDA000010,CATC,Delhi,2024
CMP0837,DLI22SDA000064,NIC,Kerala,2022
CMP0838,DLI22SDA000052,catc,Dehli,2022
CMP0839,DLI23SDA000044,CATC,Dehli,2023
CMP0840,DLI23SDA000003,CATC,Delhi,2024
CMP0841,DLI24SDA000003,NIC,Punjab,2025
CMP0842,DLI22SDA000037,CATC,Delhi,2022
CMP0843,DLI23SDA000037,ALC,Rajasthan,2025
CMP0844,DLI26SDA000027,rdc,Rajasthan,2026
CMP0845,DLI23SDA000006,CATC,Delhi,2023
CMP0846,DLI24SDA000041,CATC,Delhi,2024
CMP0847,DLI25SDA000031,ALC,Himachal Pradesh,2025
CMP0848,DLI22SDA000004,CATC,Delhi,2024
CMP0849,DLI23SDA000048,CATC,Delhi,2025
CMP0850,DLI22SDA000025,CATC,Delhi,2023
CMP0851,DLI23SDA000040,TSC,Rajasthan,2024
CMP0852,DLI24SDA000034,CATC,Delhi,2024
CMP0853,DLI24SDA000066,CATC,Delhi,2024
CMP0854,DLI23SDA000043,CATC,Delhi,2023
CMP0855,DLI25SDA000071,ALC,Rajasthan,2026
CMP0856,DLI22SDA000062,CATC,Delhi,2022
CMP0857,DLI24SDA000013,CATC,Delhi,2025
CMP0858,DLI24SDA000025,CATC,Delhi,2025
CMP0859,DLI24SDA000038,TSC,Rajasthan,2024
CMP0860,DLI23SDA000005,TSC,Himachal Pradesh,2025
CMP0861,DLI23SDA000031,CATC,Dehli,2025
CMP0862,DLI22SDA000022,CATC,Delhi,2022
CMP0863,DLI23SDA000030,CATC,Delhi,2024
CMP0864,DLI25SDA000045,TSC,Uttarakhand,2025
CMP0865,DLI23SDA000069,EBSB,Rajasthan,2023
CMP0866,DLI24SDA000003,CATC,Delhi,2025
CMP0867,DLI23SDA000050,CATC,Delhi,2023
CMP0868,DLI22SDA000019,NIC,Uttarakhand,2023
CMP0869,DLI23SDA000029,RDC,Delhi,2024
CMP0870,DLI24SDA000009,CATC,Delhi,2025
CMP0871,DLI25SDA000024,rdc,Assam,2026
CMP0872,DLI23SDA000014,NIC,Kerala,2025
CMP0873,DLI24SDA000038,CATC,Dehli,2025
CMP0874,DLI22SDA000059,catc,Delhi,2022
CMP0875,DLI24SDA000043,CATC,Delhi,2025
CMP0876,DLI22SDA000061,CATC,Delhi,2023
CMP0877,DLI23SDA000009,CATC,Delhi,2025
CMP0878,DLI25SDA000069,Army Attachment,Himachal Prdesh,2025
CMP0879,DLI23SDA000070,CATC,Dehli,2025
CMP0880,DLI24SDA000002,CATC,Delhi,2025
CMP0881,DLI24SDA000045,RDC,Kerala,2024
CMP0882,DLI22SDA000014,catc,Delhi,2023
CMP0883,DLI24SDA000050,CATC,Delhi,2026
CMP0884,DLI23SDA000059,CATC,Delhi,2025
CMP0885,DLI23SDA000063,CATC,Delhi,2024
CMP0886,DLI22SDA000069,CATC,Delhi,2023
CMP0887,DLI22SDA000028,Army Attachment,Delhi,2023
CMP0888,DLI23SDA000052,CATC,Delhi,2024
CMP0889,DLI22SDA000054,CATC,Delhi,2023
CMP0890,DLI25SDA000015,RDC,Kerala,2026
CMP0891,DLI24SDA000027,CAT Camp,Delhi,2025
CMP0892,DLI22SDA000033,NIC,Punjab,2022
CMP0893,DLI24SDA000011,Catc,Delhi,2025
CMP0894,DLI24SDA000011,CAT Camp,Delhi,2026
CMP0895,DLI23SDA009294,TSC,Rajasthan,2025
CMP0896,DLI23SDA009828,TSC,Delhi,2024
CMP0897,DLI23SDA009420,catc,Dehli,2025
CMP0898,DLI23SDA009279,CATC,Dehli,2025
CMP0899,DLI23SDA009819,TSC,Rajasthan,2025
CMP0900,DLI23SDA009261,CATC,Delhi,2025
CMP0901,DLI23SDA009418,TSC,Delhi,2024
CMP0902,DLI23SDA009540,RDC,Rajasthan,2025
CMP0903,DLI23SDA009655,TSC,Delhi,2025
CMP0904,DLI23SDA009574,catc,Dehli,2024
CMP0905,DLI23SDA009003,catc,Delhi,2025
CMP0906,DLI23SDA009647,CATC,Dehli,2025
CMP0907,DLI23SDA009985,catc,Delhi,2025
CMP0908,DLI23SDA009523,TSC,Rajasthan,2025
CMP0909,DLI23SDA009175,CATC,Delhi,2025
