dli_number,full_name,gender,date_of_birth,aadhaar_number,email,mobile_number,alternate_mobile_number,city,state,pincode,father_name,mother_name,college,course,college_roll_number
DLI22SDA000001,Bhavesh Vardhan,Male,2005-12-09,332181960013,sharma.siblings@gmail.com,9838637940,8654235116,Delhi,Delhi,110559,Vijay Vardhan,Anita Vardhan,D.T.U.,Chemical Engineering,2K22/CH/32
DLI22SDA000002,Kunal Yadav,Male,2003-11-20,593103413164,sharma.siblings@gmail.com,7255341928,8276483503,Delhi,Delhi,110564,Naresh Yadav,Radha Yadav,Delhi Technological Uni  ,Production & Industrial Engineering,2K22/PI/184
DLI22SDA000003,Gaurav Dogra,Male,2002-07-21,724238849696,singh.family@yahoo.com,8287101226,9669784801,Faridabad,Haryana,110845,Dinesh Dogra,Suman Dogra,DTU,Biotechnology,2K22/BT/1
DLI22SDA000004,Shreyas Trivedi,Male,2001-02-28,489325288095,singh.family@yahoo.com,9154303911,6182278248,Ghaziabad,Uttar Pradesh,110638,Harish Trivedi,Suman Trivedi,Delhi Technological University,Environmental Engineering,2K22/EN/167
DLI22SDA000005,Devendra Paswan,Male,2002-02-08,315098393010,patel.home@gmail.com,9051834738,8997376311,Faridabad,Haryana,110656,Sanjay Paswan,Saroj Paswan,delhi technological university,Civil Engineering,2K22/CE/173
DLI22SDA000006,Mohit Mehta,Male,2003-02-08,338726247317,patel.home@gmail.com,9080132677,8602606474,Gurugram,Haryana,110872,Harish Mehta,Suman Mehta,Delhi Technological University,Civil Engineering,2K22/CE/149
DLI22SDA000007,Vijay Patil,Male,2005-01-19,788208121913,vijay.patil61@gmail.com,+919939909169,7435346247,Noida,Uttar Pradesh,110107,Vinod Patil,Kiran Patil,Delhi Technological Uni  ,Mechanical Engineering,2K22/ME/138
DLI22SDA000008,Shreyas Choudhary,Male,2004-06-03,354278498084,shreyas.choudhary94@gmail.com,+91 9241182449,8534874016,Noida,Uttar Pradesh,110005,Satish Choudhary,Nirmala Choudhary,Delhi Technological Uni  ,Electrical Engineering,2K22/EE/190
DLI22SDA000009,Chinmay Shah,Male,2001-01-04,128059826204,chinmay.shah56@gmail.com,09533158692,8226025634,New Delhi,Delhi,110160,Prakash Shah,Meena Shah,Delhi Technological University,Biotechnology,2K22/BT/90
DLI22SDA000010,Harish Gehlot,Male,2004-01-22,365414586850,harish.gehlot24@gmail.com,7294019655,6981693406,Delhi,Delhi,110883,Subhash Gehlot,Lata Gehlot,Delhi Technological University,Environmental Engineering,2K22/EN/85
DLI22SDA000011,Jignesh Vardhan,Male,2003-09-10,656482366299,jignesh.vardhan48@gmail.com,6804436995,6773872148,Faridabad,Haryana,110951,Rajendra Vardhan,Rajni Vardhan,Delhi Technological University,Computer Engineering,2K22/CO/38
DLI22SDA000012,Aditya Shekhawat,Male,2002-10-28,176936763201,aditya.shekhawat64@gmail.com,8287083172,6889579868,Gurugram,Haryana,110277,Vijay Shekhawat,Meena Shekhawat,delhi technological university,Information Technology,2K22/IT/197
DLI22SDA000013,Bhavesh Shekhawat,Male,2003-08-03,434558122362,bhavesh.gmail.com,9665876036,6909670546,Gurugram,Haryana,110889,Rajendra Shekhawat,Seema Shekhawat,Delhi Technological University,Software Engineering,2K22/SE/125
DLI22SDA000014,Ranvijay Shinde,Male,2002-12-06,729806990162,ranvijay.shinde69@gmail.com,8046537556,7641708053,Faridabad,Haryana,110100,Rajendra Shinde,Radha Shinde,delhi technological university,Production & Industrial Engineering,2K22/PI/40
DLI22SDA000015,Arjun Gohil,Male,2005-10-07,745299124190,arjun.gohil49@gmail.com,6631931491,9586518506,Gurugram,Haryana,110165,Pramod Gohil,Saroj Gohil,D.T.U.,Software Engineering,2K22/SE/46
DLI22SDA000016,Hardik Choudhary,Male,2002-08-14,945314737996,hardik.choudhary53@gmail.com,9752735454,7808313678,New Delhi,Delhi,110777,Ramesh Choudhary,Kavita Choudhary,Delhi Technological University,Software Engineering,2K22/SE/178
DLI22SDA000017,Kartik Rawat,Male,2003-08-18,856855744431,kartik.rawat34@gmail.com,+917182337498,7134352408,New Delhi,Delhi,110400,Kailash Rawat,Suman Rawat,DTU,Electrical Engineering,2K22/EE/164
DLI22SDA000018,Vivek Sharma,Male,2001-05-16,775204711671,vivek.sharma83@gmail.com,+91 9229413186,8867749649,Ghaziabad,Uttar Pradesh,110091,Harish Sharma,Nirmala Sharma,Delhi Technological University,Environmental Engineering,2K22/EN/21
DLI22SDA000019,Pankaj Trivedi,Male,2001-02-06,067974034471,pankaj.trivedi97@gmail.com,08493618324,8102499471,Gurugram,Haryana,110464,Devendra Trivedi,Sushma Trivedi,DTU,Mechanical Engineering,2K22/ME/154
DLI22SDA000020,Pawan Shah,Male,2003-10-09,013990490278,pawan.shah93@gmail.com,6429671756,7512567468,Delhi,Delhi,110715,Vijay Shah,Manju Shah,Delhi Technological University,Software Engineering,2K22/SE/132
DLI22SDA000021,Jignesh Choudhary,Male,2002-07-02,385977034824,jignesh.choudhary66@gmail.com,6109324808,6131712748,Faridabad,Haryana,110467,Prakash Choudhary,Meena Choudhary,DTU,Electrical Engineering,2K22/EE/99
DLI22SDA000022,Ramesh Bhatt,Male,2001-12-05,146584044997,ramesh.bhatt29@gmail.com,6875588675,8396360576,Gurugram,Haryana,110270,Satish Bhatt,Usha Bhatt,Delhi Technological Uni  ,Mathematics & Computing,2K22/MC/26
DLI22SDA000023,Vivek Paswan,Male,2002-01-24,262174596158,vivek.paswan58@gmail.com,7780913431,6117240050,Noida,Uttar Pradesh,110556,Satish Paswan,Meena Paswan,DTU,Production & Industrial Engineering,2K22/PI/175
DLI22SDA000024,Amit Trivedi,Male,2005-10-28,693792374740,amit.trivedi69@gmail.com,7821759464,6436713695,Ghaziabad,Uttar Pradesh,110440,Arvind Trivedi,Asha Trivedi,Delhi Technological University,Production & Industrial Engineering,2K22/PI/176
DLI22SDA000025,Ramesh Bhatt,Male,2002-05-25,395339421047,ramesh.bhatt14@gmail.com,7214562328,7884247451,Gurugram,Haryana,110123,Arvind Bhatt,Rajni Bhatt,Delhi Technological Uni  ,Chemical Engineering,2K22/CH/94
DLI22SDA000026,Manish Mehta,Male,2005-05-18,175496513709,manish.mehta81@gmail.com,7931746120,9471138267,Noida,Uttar Pradesh,110869,Satish Mehta,Lata Mehta,DTU,Biotechnology,2K22/BT/158
DLI22SDA000027,Vishal Jodha,Male,2005-12-12,377351585064,vishal.jodha34@gmail.com,+919713900532,8183933529,Delhi,Delhi,110422,Kailash Jodha,Pushpa Jodha,D.T.U.,Mechanical Engineering,2K22/ME/170
DLI22SDA000028,Arjun Sharma,Male,2003-04-19,502402681177,arjun.sharma56@gmail.com,+91 9783908470,9766177115,Ghaziabad,Uttar Pradesh,110212,Vijay Sharma,Sharda Sharma,DTU,Chemical Engineering,2K22/CH/183
DLI22SDA000029,Ranvijay Bhatt,Male,2001-05-15,896118367365,ranvijay.bhatt68@gmail.com,06615654527,9111615280,Ghaziabad,Uttar Pradesh,110885,Arvind Bhatt,Savita Bhatt,DTU,Environmental Engineering,2K22/EN/193
DLI22SDA000030,Anil Yadav,Male,2003-10-10,519832731585,anil.yadav24@gmail.com,7936899809,7024455022,Ghaziabad,Uttar Pradesh,110612,Pramod Yadav,Sunita Yadav,Delhi Technological University,Chemical Engineering,2K22/CH/56
DLI22SDA000031,Kuldeep Solanki,Male,2003-03-12,459910229014,kuldeep.solanki66@gmail.com,6797643815,6149784036,Ghaziabad,Uttar Pradesh,110003,Anil Solanki,Radha Solanki,D.T.U.,Information Technology,2K22/IT/75
DLI22SDA000032,Harsh Sharma,Male,2002-12-14,226838851606,harsh.sharma12@gmail.com,6159696641,6052975161,New Delhi,Delhi,110696,Devendra Sharma,Kavita Sharma,Delhi Technological University,Information Technology,2K22/IT/191
DLI22SDA000033,Abhishek Shinde,Male,2004-02-17,188355231243,abhishek.shinde32@gmail.com,8127799799,7527177449,Delhi,Delhi,110581,Anil Shinde,Saroj Shinde,DTU,Civil Engineering,2K22/CE/95
DLI22SDA000034,Rohan Dogra,Male,2005-10-20,867980793597,rohan.dogra74@gmail.com,8071518203,6788925546,Gurugram,Haryana,110590,Pramod Dogra,Nirmala Dogra,Delhi Technological University,Mathematics & Computing,2K22/MC/25
DLI22SDA000035,Ishan Choudhary,Male,2001-03-11,192546291486,ishan.choudhary92@gmail.com,7281685054,8357332214,Delhi,Delhi,110888,Suresh Choudhary,Rajni Choudhary,Delhi Technological University,Production & Industrial Engineering,2K22/PI/34
DLI22SDA000036,Yash Mishra,Male,2004-12-25,927065379473,yash.mishra78@gmail.com,8473597746,6239240758,Delhi,Delhi,110814,Naresh Mishra,Sita Mishra,Delhi Technological University,Chemical Engineering,2K22/CH/38
DLI22SDA000037,Kunal Gehlot,Male,2002-06-01,606853615305,kunal.gehlot22@gmail.com,+917220472779,9104328986,Delhi,Delhi,110434,Dinesh Gehlot,Anita Gehlot,Delhi Technological University,Environmental Engineering,2K22/EN/160
DLI22SDA000038,Rohan Vardhan,Male,2002-10-18,089324609539,rohan.vardhan63@gmail.com,+91 8185188888,9670654051,Noida,Uttar Pradesh,110319,Sunil Vardhan,Geeta Vardhan,Delhi Technological University,Chemical Engineering,2K22/CH/87
DLI22SDA000039,Manoj Solanki,Male,2002-11-06,217043030548,manoj.solanki60@gmail.com,06403450541,7667652775,Ghaziabad,Uttar Pradesh,110416,Naresh Solanki,Lata Solanki,DTU,Electrical Engineering,2K22/EE/140
DLI22SDA000040,Vikram Kumar,Male,2005-06-22,447962757059,vikram.kumar65@gmail.com,7016582029,6021355690,Ghaziabad,Uttar Pradesh,110275,Subhash Kumar,Saroj Kumar,D.T.U.,Production & Industrial Engineering,2K22/PI/36
DLI22SDA000041,Satish Patil,Male,2003-04-04,027868144739,satish.patil46@gmail.com,6312172715,7188442258,New Delhi,Delhi,110132,Rajendra Patil,Seema Patil,Delhi Technological University,Chemical Engineering,2K22/CH/147
DLI22SDA000042,Lokendra Yadav,Male,2004-10-03,146786691251,lokendra.yadav67@gmail.com,6852892268,9182422535,Ghaziabad,Uttar Pradesh,110414,Harish Yadav,Nirmala Yadav,Delhi Technological Uni  ,Information Technology,2K22/IT/33
DLI22SDA000043,Hardik Choudhary,Male,2005-09-21,299229959001,hardik.choudhary15@gmail.com,7396907844,6364710276,Gurugram,Haryana,110735,Vinod Choudhary,Geeta Choudhary,Delhi Technological University,Engineering Physics,2K22/EP/82
DLI22SDA000044,Satish Saxena,Male,2003-09-18,153714732104,satish.saxena59@gmail.com,6325953278,6747016873,New Delhi,Delhi,110950,Suresh Saxena,Suman Saxena,DTU,Environmental Engineering,2K22/EN/173
DLI22SDA000045,Ishan Choudhary,Male,2005-02-14,245650609835,ishan.choudhary80@gmail.com,7168784991,8165585239,Ghaziabad,Uttar Pradesh,110680,Suresh Choudhary,Anita Choudhary,Delhi Technological University,Mathematics & Computing,2K22/MC/122
DLI22SDA000046,Yash Bhatt,Male,2001-03-11,952694958887,yash@com,7705516940,6499309728,Faridabad,Haryana,110962,Arvind Bhatt,Meena Bhatt,Delhi Technological University,Engineering Physics,2K22/EP/29
DLI22SDA000047,Aman Trivedi,Male,2003-07-05,636897028385,aman.trivedi94@gmail.com,+916865278585,7973348434,Noida,Uttar Pradesh,110375,Prakash Trivedi,Rekha Trivedi,DTU,Engineering Physics,2K22/EP/71
DLI22SDA000048,Harsh Negi,Male,2001-07-13,524041574733,harsh.negi78@gmail.com,+91 7842199330,8301657120,Ghaziabad,Uttar Pradesh,110267,Prakash Negi,Nirmala Negi,Delhi Technological University,Information Technology,2K22/IT/83
DLI22SDA000049,Ketan Yadav,Male,2005-11-19,380262067240,ketan.yadav11@gmail.com,07991547887,8874315274,Faridabad,Haryana,110205,Anil Yadav,Kiran Yadav,DTU,Computer Engineering,2K22/CO/45
DLI22SDA000050,Harish Shah,Male,2001-06-03,612275304637,harish.shah44@gmail.com,7499045301,6426841459,New Delhi,Delhi,110327,Satish Shah,Saroj Shah,D.T.U.,Production & Industrial Engineering,2K22/PI/96
DLI22SDA000051,Ranjan Yadav,Male,2002-09-26,339187851910,ranjan.yadav80@gmail.com,8982258713,6187072867,Ghaziabad,Uttar Pradesh,110087,Arvind Yadav,Suman Yadav,D.T.U.,Software Engineering,2K22/SE/66
DLI22SDA000052,Vijay Rathore,Male,2001-02-02,651801704622,vijay.rathore92@gmail.com,6567661825,9286823004,Gurugram,Haryana,110868,Ashok Rathore,Meena Rathore,Delhi Technological University,Mathematics & Computing,2K22/MC/40
DLI22SDA000053,Rohit Vardhan,Male,2005-11-14,903311907903,rohit.vardhan15@gmail.com,6738302843,7995342836,Noida,Uttar Pradesh,110408,Manohar Vardhan,Sita Vardhan,DTU,Software Engineering,2K22/SE/143
DLI22SDA000054,Mohit Deshmukh,Male,2002-09-11,662462873342,mohit.deshmukh69@gmail.com,9866882634,8517518304,Gurugram,Haryana,110990,Naresh Deshmukh,Radha Deshmukh,delhi technological university,Production & Industrial Engineering,2K22/PI/186
DLI22SDA000055,Sachin Rathore,Male,2003-05-01,331739363854,sachin.rathore58@gmail.com,6854458771,6535560932,Delhi,Delhi,110489,Manohar Rathore,Lata Rathore,Delhi Technological University,Computer Engineering,2K22/CO/85
DLI22SDA000056,Ranvijay Negi,Male,2004-08-18,547772522872,ranvijay.negi79@gmail.com,9801006231,8038750997,Faridabad,Haryana,110700,Kailash Negi,Sushma Negi,DTU,Civil Engineering,2K22/CE/136
DLI22SDA000057,Prathamesh Joshi,Male,2005-09-27,621182339845,prathamesh.joshi44@gmail.com,+916156793341,9166687002,Delhi,Delhi,110765,Manohar Joshi,Savita Joshi,delhi technological university,Civil Engineering,2K22/CE/59
DLI22SDA000058,Suresh Negi,Male,2002-05-02,148902503926,suresh.negi19@gmail.com,+91 7293968562,9850163159,Ghaziabad,Uttar Pradesh,110965,Ramesh Negi,Nirmala Negi,Delhi Technological University,Biotechnology,2K22/BT/126
DLI22SDA000059,Pushpendra Yadav,Male,2002-07-06,961943114262,pushpendra.yadav59@gmail.com,07511047541,8126788861,Delhi,Delhi,110158,Naresh Yadav,Sharda Yadav,DTU,Mathematics & Computing,2K22/MC/99
DLI22SDA000060,Ishan Patel,Male,2002-02-24,839826224447,ishan.patel28@gmail.com,9264647154,8799371240,Gurugram,Haryana,110596,Sunil Patel,Saroj Patel,Delhi Technological University,Environmental Engineering,2K22/EN/153
DLI22SDA000061,Kartik Patil,Male,2001-12-07,752654793564,kartik.patil60@gmail.com,7193982807,8741672434,Faridabad,Haryana,110266,Naresh Patil,Saroj Patil,Delhi Technological Uni  ,Biotechnology,2K22/BT/150
DLI22SDA000062,Prathamesh Sinha,Male,2002-09-02,589113529096,prathamesh.sinha52@gmail.com,6101438889,8756798250,Gurugram,Haryana,110146,Naresh Sinha,Savita Sinha,delhi technological university,Engineering Physics,2K22/EP/37
DLI22SDA000063,Kartik Shinde,Male,2002-04-17,757177514010,kartik.shinde53@gmail.com,9238282586,6362266093,Gurugram,Haryana,110966,Ramesh Shinde,Radha Shinde,Delhi Technological University,Engineering Physics,2K22/EP/17
DLI22SDA000064,Alok Choudhary,Male,2004-06-11,371478596969,alok.choudhary24@gmail.com,7579249912,7134125286,Gurugram,Haryana,110929,Ashok Choudhary,Lata Choudhary,Delhi Technological University,Environmental Engineering,2K22/EN/138
DLI22SDA000065,Chinmay Mishra,Male,2002-05-05,257905072368,chinmay.mishra74@gmail.com,6676772190,8404384279,Faridabad,Haryana,110788,Dinesh Mishra,Kiran Mishra,Delhi Technological University,Chemical Engineering,2K22/CH/94
DLI22SDA000066,Vikash Trivedi,Male,2001-04-14,134074517133,vikash.trivedi85@gmail.com,7962923309,7849825449,Noida,Uttar Pradesh,110812,Sanjay Trivedi,Anita Trivedi,Delhi Technological Uni  ,Environmental Engineering,2K22/EN/33
DLI22SDA000067,Pankaj Pandey,Male,2003-04-25,672946671168,pankaj.pandey45@gmail.com,+917775901751,6363745458,Ghaziabad,Uttar Pradesh,110297,Sunil Pandey,Rajni Pandey,D.T.U.,Civil Engineering,2K22/CE/26
DLI22SDA000068,Aman Vardhan,Male,2004-08-15,063242415415,aman.vardhan95@gmail.com,+91 8064361103,6129387005,Delhi,Delhi,110627,Naresh Vardhan,Meena Vardhan,Delhi Technological University,Engineering Physics,2K22/EP/27
DLI22SDA000069,Vikram Gaikwad,Male,2003-03-13,221890927532,vikram.gaikwad62@gmail.com,06311219656,7234138999,Noida,Uttar Pradesh,110043,Devendra Gaikwad,Sharda Gaikwad,DTU,Engineering Physics,2K22/EP/101
DLI22SDA000070,Ketan Yadav,Male,2004-08-13,137918055269,ketan.yadav63@gmail.com,7827109104,8006848666,Delhi,Delhi,110889,Satish Yadav,Pushpa Yadav,Delhi Technological University,Mechanical Engineering,2K22/ME/131
DLI23SDA000001,Alok Pandey,Male,2002-06-13,914630316179,alok.pandey87@gmail.com,9421020275,7252410564,Ghaziabad,Uttar Pradesh,110149,Pramod Pandey,Kavita Pandey,DTU,Chemical Engineering,2K23/CH/93
DLI23SDA000002,Swapnil Negi,Male,2005-06-06,419138000307,swapnil.negi56@gmail.com,6220863536,7419518023,Ghaziabad,Uttar Pradesh,110061,Rajesh Negi,Suman Negi,D.T.U.,Information Technology,2K23/IT/84
DLI23SDA000003,Chinmay Solanki,Male,2006-06-07,494937597383,chinmay.solanki29@gmail.com,9603850506,7138367024,Delhi,Delhi,110038,Sanjay Solanki,Rekha Solanki,DTU,Engineering Physics,2K23/EP/22
DLI23SDA000004,Shreyas Saxena,Male,2003-02-19,906234456557,shreyas.saxena44@gmail.com,8132912127,6561853747,Noida,Uttar Pradesh,110112,Arvind Saxena,Suman Saxena,delhi technological university,Engineering Physics,2K23/EP/155
DLI23SDA000005,Gaurav Patil,Male,2005-02-23,356804420678,gaurav.patil80@gmail.com,8171210032,8651994101,New Delhi,Delhi,110721,Sunil Patil,Savita Patil,Delhi Technological University,Biotechnology,2K23/BT/13
DLI23SDA000006,Anurag Negi,Male,2003-12-13,706625324472,anurag.negi14@gmail.com,8476870146,8638380657,Ghaziabad,Uttar Pradesh,110759,Devendra Negi,Manju Negi,Delhi Technological University,Electrical Engineering,2K23/EE/7
DLI23SDA000007,Harshal Gehlot,Male,2006-05-02,785932133480,harshal.gehlot38@gmail.com,+916522395590,7992937842,Gurugram,Haryana,110010,Rajendra Gehlot,Sharda Gehlot,Delhi Technological University,Chemical Engineering,2K23/CH/123
DLI23SDA000008,Gajendra Bisht,Male,2005-03-11,250029218515,gajendra.bisht94@gmail.com,+91 6915452267,7289539264,Faridabad,Haryana,110422,Ramesh Bisht,Kiran Bisht,Delhi Technological University,Production & Industrial Engineering,2K23/PI/9
DLI23SDA000009,Harshal Patil,Male,2002-04-21,917251355215,harshal.patil67@gmail.com,09433154100,6762676586,Delhi,Delhi,110793,Mahesh Patil,Saroj Patil,Delhi Technological University,Civil Engineering,2K23/CE/76
DLI23SDA000010,Vikram Choudhary,Male,2006-02-11,262181599706,vikram.choudhary93@gmail.com,8962015336,7443106987,New Delhi,Delhi,110050,Sanjay Choudhary,Kavita Choudhary,Delhi Technological University,Environmental Engineering,2K23/EN/161
DLI23SDA000011,Rohit Kumar,Male,2006-04-06,417146774186,rohit.kumar33@gmail.com,7652704774,8490211586,Ghaziabad,Uttar Pradesh,110380,Ashok Kumar,Usha Kumar,DTU,Chemical Engineering,2K23/CH/176
DLI23SDA000012,Ajay Shekhawat,Male,2003-05-03,608989921722,ajay.shekhawat37@gmail.com,8206163294,7116868548,Gurugram,Haryana,110099,Devendra Shekhawat,Lata Shekhawat,Delhi Technological University,Electrical Engineering,2K23/EE/38
DLI23SDA000013,Anurag Kumar,Male,2002-02-26,485646799702,anurag.kumar45@gmail.com,6299606530,6450544471,New Delhi,Delhi,110247,Sunil Kumar,Pushpa Kumar,D.T.U.,Production & Industrial Engineering,2K23/PI/166
DLI23SDA000014,Rohit Trivedi,Male,2005-07-24,785082148628,rohit.trivedi82@gmail.com,9233030705,8457861035,Gurugram,Haryana,110972,Prakash Trivedi,Kiran Trivedi,DTU,Mathematics & Computing,2K23/MC/42
DLI23SDA000015,Vijay Chauhan,Male,2004-01-13,029333346800,vijay.chauhan70@gmail.com,8290349446,6574374896,Ghaziabad,Uttar Pradesh,110108,Arvind Chauhan,Rekha Chauhan,DTU,Production & Industrial Engineering,2K23/PI/156
DLI23SDA000016,Kartik Kumar,Male,2003-02-11,454443283096,kartik.kumar94@gmail.com,7207446660,8538758428,New Delhi,Delhi,110417,Satish Kumar,Pushpa Kumar,D.T.U.,Chemical Engineering,2K23/CH/196
DLI23SDA000017,Vishal Shinde,Male,2006-04-12,346554947170,vishal.shinde91@gmail.com,+919738168460,8235697252,Delhi,Delhi,110752,Sunil Shinde,Nirmala Shinde,Delhi Technological University,Biotechnology,2K23/BT/71
DLI23SDA000018,Vikash Mishra,Male,2002-03-16,129666676008,cadet@,+91 7058300335,7216894210,Noida,Uttar Pradesh,110478,Vinod Mishra,Usha Mishra,Delhi Technological University,Environmental Engineering,2K23/EN/35
DLI23SDA000019,Suresh Prasad,Male,2004-04-06,603323098215,suresh.prasad93@gmail.com,09648909010,9167618472,New Delhi,Delhi,110046,Arvind Prasad,Savita Prasad,DTU,Information Technology,2K23/IT/160
DLI23SDA000020,Kuldeep Kumar,Male,2002-12-20,141173934835,kuldeep.kumar62@gmail.com,7208737530,9119721811,Noida,Uttar Pradesh,110374,Vijay Kumar,Saroj Kumar,Delhi Technological University,Electrical Engineering,2K23/EE/11
DLI23SDA000021,Digvijay Patil,Male,2003-12-04,100225579415,digvijay.patil53@gmail.com,8166746762,9202169797,New Delhi,Delhi,110965,Vinod Patil,Sunita Patil,delhi technological university,Engineering Physics,2K23/EP/34
DLI23SDA000022,Ramesh Prasad,Male,2006-07-15,014508993588,ramesh.prasad98@gmail.com,9637562890,9287721753,Noida,Uttar Pradesh,110408,Rajendra Prasad,Sushma Prasad,DTU,Software Engineering,2K23/SE/61
DLI23SDA000023,Lokendra Trivedi,Male,2002-08-03,775170166088,lokendra.trivedi10@gmail.com,9994883755,9375899757,Delhi,Delhi,110130,Sunil Trivedi,Rekha Trivedi,delhi technological university,Information Technology,2K23/IT/141
DLI23SDA000024,Ranjan Kumar,Male,2006-03-16,261493316373,ranjan.kumar53@gmail.com,9609177982,6080869782,Faridabad,Haryana,110922,Dinesh Kumar,Asha Kumar,DTU,Production & Industrial Engineering,2K23/PI/83
DLI23SDA000025,Kuldeep Bhatt,Male,2005-05-13,547226984858,kuldeep.bhatt90@gmail.com,8339452288,7158799684,Gurugram,Haryana,110081,Ramesh Bhatt,Asha Bhatt,Delhi Technological University,Environmental Engineering,2K23/EN/15
DLI23SDA000026,Tushar Mishra,Male,2004-11-09,204380571983,tushar.mishra92@gmail.com,6384066658,9043973598,Faridabad,Haryana,110933,Anil Mishra,Saroj Mishra,Delhi Technological University,Environmental Engineering,2K23/EN/20
DLI23SDA000027,Deepak Sinha,Male,2006-07-02,648422940572,deepak.sinha15@gmail.com,+918590947985,9583281826,Ghaziabad,Uttar Pradesh,110861,Subhash Sinha,Meena Sinha,delhi technological university,Environmental Engineering,2K23/EN/85
DLI23SDA000028,Digvijay Joshi,Male,2005-10-17,780157399305,digvijay.joshi58@gmail.com,+91 9648408588,6704358112,Ghaziabad,Uttar Pradesh,110801,Harish Joshi,Rajni Joshi,DTU,Computer Engineering,2K23/CO/176
DLI23SDA000029,Manoj Kumar,Male,2005-09-27,612075011024,manoj.kumar81@gmail.com,09934667665,9618091901,Noida,Uttar Pradesh,110814,Arvind Kumar,Suman Kumar,DTU,Information Technology,2K23/IT/196
DLI23SDA000030,Ranvijay Mehta,Male,2006-08-06,832684245088,ranvijay.mehta28@gmail.com,9009968814,8536822239,Noida,Uttar Pradesh,110312,Arvind Mehta,Kiran Mehta,delhi technological university,Chemical Engineering,2K23/CH/119
DLI23SDA000031,Ishan Gupta,Male,2004-02-07,975523149135,ishan.gupta72@gmail.com,6594929955,6205336452,Faridabad,Haryana,110577,Rajesh Gupta,Rekha Gupta,D.T.U.,Biotechnology,2K23/BT/142
DLI23SDA000032,Deepak Dogra,Male,2002-02-27,428341108099,deepak.dogra61@gmail.com,8084887256,8942788165,Ghaziabad,Uttar Pradesh,110039,Arvind Dogra,Sita Dogra,D.T.U.,Electrical Engineering,2K23/EE/115
DLI23SDA000033,Deepak Negi,Male,2002-11-28,275037314530,deepak.negi95@gmail.com,8856770051,7498926659,Faridabad,Haryana,110184,Ashok Negi,Meena Negi,DTU,Mathematics & Computing,2K23/MC/89
DLI23SDA000034,Manish Gohil,Male,2002-01-17,272318432225,manish.gohil87@gmail.com,9365177739,8603029922,Faridabad,Haryana,110809,Satish Gohil,Anita Gohil,Delhi Technological University,Electrical Engineering,2K23/EE/133
DLI23SDA000035,Harshal Negi,Male,2006-12-24,413797723692,harshal.negi84@gmail.com,8984257991,8662103886,New Delhi,Delhi,110912,Prakash Negi,Sharda Negi,DTU,Chemical Engineering,2K23/CH/129
DLI23SDA000036,Kunal Gohil,Male,2005-10-18,068650863765,kunal.gohil85@gmail.com,9624731498,6430098180,Gurugram,Haryana,110356,Subhash Gohil,Savita Gohil,Delhi Technological University,Environmental Engineering,2K23/EN/150
DLI23SDA000037,Sumit Choudhary,Male,2003-10-12,946368872588,sumit.choudhary71@gmail.com,+917495621372,9386589026,Faridabad,Haryana,110012,Prakash Choudhary,Sharda Choudhary,DTU,Mechanical Engineering,2K23/ME/68
DLI23SDA000038,Digvijay Chauhan,Male,2002-01-24,669849027703,digvijay.chauhan94@gmail.com,+91 7309883920,7302146566,Ghaziabad,Uttar Pradesh,110380,Naresh Chauhan,Kavita Chauhan,DTU,Engineering Physics,2K23/EP/144
DLI23SDA000039,Pushpendra Jodha,Male,2005-10-07,769042681818,pushpendra.jodha47@gmail.com,07184894769,6357790714,Delhi,Delhi,110633,Sunil Jodha,Lata Jodha,Delhi Technological Uni  ,Chemical Engineering,2K23/CH/138
DLI23SDA000040,Ranjan Choudhary,Male,2005-05-03,651827553942,ranjan.choudhary97@gmail.com,8733343333,7211179080,Gurugram,Haryana,110595,Prakash Choudhary,Kiran Choudhary,delhi technological university,Biotechnology,2K23/BT/47
DLI23SDA000041,Satish Gehlot,Male,2002-03-02,867808562718,satish.gehlot68@gmail.com,7003691559,7284347955,New Delhi,Delhi,110763,Sanjay Gehlot,Rekha Gehlot,Delhi Technological University,Software Engineering,2K23/SE/72
DLI23SDA000042,Deepak Negi,Male,2005-10-22,314386632270,deepak.negi32@gmail.com,6728857448,9612034717,Faridabad,Haryana,110545,Subhash Negi,Sushma Negi,DTU,Information Technology,2K23/IT/89
DLI23SDA000043,Kuldeep Vardhan,Male,2004-11-20,399824558771,kuldeep.vardhan58@gmail.com,7722569961,9253554496,Noida,Uttar Pradesh,110759,Devendra Vardhan,Saroj Vardhan,DTU,Electrical Engineering,2K23/EE/6
DLI23SDA000044,Rajesh Shekhawat,Male,2004-12-23,132611178006,rajesh.shekhawat77@gmail.com,9149216433,7722820055,Gurugram,Haryana,110784,Kailash Shekhawat,Saroj Shekhawat,Delhi Technological University,Engineering Physics,2K23/EP/139
DLI23SDA000045,Parth Bhatt,Male,2003-11-24,968845783174,parth.bhatt56@gmail.com,6424008254,6807740649,New Delhi,Delhi,110085,Harish Bhatt,Lata Bhatt,delhi technological university,Software Engineering,2K23/SE/102
DLI23SDA000046,Amit Dogra,Male,2003-07-08,416389448463,amit.dogra18@gmail.com,8241797497,8502080214,Noida,Uttar Pradesh,110270,Rajendra Dogra,Kavita Dogra,Delhi Technological University,Biotechnology,2K23/BT/56
DLI23SDA000047,Kuldeep Kulkarni,Male,2003-06-15,051204618723,kuldeep.kulkarni42@gmail.com,+916013673037,9837645208,Ghaziabad,Uttar Pradesh,110147,Pramod Kulkarni,Suman Kulkarni,Delhi Technological University,Civil Engineering,2K23/CE/171
DLI23SDA000048,Harsh Shekhawat,Male,2003-06-01,249163009792,harsh.shekhawat57@gmail.com,+91 9327195005,8812735857,Faridabad,Haryana,110306,Subhash Shekhawat,Geeta Shekhawat,Delhi Technological University,Civil Engineering,2K23/CE/125
DLI23SDA000049,Chinmay Joshi,Male,2002-12-16,392855749821,chinmay.joshi77@gmail.com,08744857086,8095935186,New Delhi,Delhi,110878,Satish Joshi,Sharda Joshi,Delhi Technological University,Software Engineering,2K23/SE/165
DLI23SDA000050,Harsh Kumar,Male,2002-11-03,022031731096,harsh.kumar94@gmail.com,6899405391,9371705865,Faridabad,Haryana,110094,Devendra Kumar,Anita Kumar,D.T.U.,Information Technology,2K23/IT/20
DLI23SDA000051,Milind Kumar,Male,2006-12-08,863383928861,milind.kumar91@gmail.com,7761228685,8897558556,Faridabad,Haryana,110659,Rajendra Kumar,Kiran Kumar,DTU,Software Engineering,2K23/SE/197
DLI23SDA000052,Digvijay Trivedi,Male,2003-07-01,049082404335,digvijay.trivedi12@gmail.com,7888992107,7224593344,Delhi,Delhi,110969,Harish Trivedi,Kavita Trivedi,D.T.U.,Biotechnology,2K23/BT/45
DLI23SDA000053,Harish Negi,Male,2006-10-21,409610556613,harish.negi93@gmail.com,9604805892,7832067998,Delhi,Delhi,110364,Ashok Negi,Geeta Negi,Delhi Technological University,Mechanical Engineering,2K23/ME/122
DLI23SDA000054,Chinmay Mehta,Male,2004-02-13,862278376938,chinmay.mehta88@gmail.com,8314659116,6553559042,Noida,Uttar Pradesh,110979,Satish Mehta,Saroj Mehta,Delhi Technological University,Computer Engineering,2K23/CO/52
DLI23SDA000055,Yash Chauhan,Male,2006-12-02,392405147705,yash.chauhan36@gmail.com,8388487920,6980420439,Noida,Uttar Pradesh,110070,Naresh Chauhan,Asha Chauhan,DTU,Environmental Engineering,2K23/EN/169
DLI23SDA000056,Anil Kumar,Male,2006-05-28,636815798123,anil.kumar74@gmail.com,6800384576,8055543840,Faridabad,Haryana,110460,Kailash Kumar,Pushpa Kumar,Delhi Technological University,Mathematics & Computing,2K23/MC/101
DLI23SDA000057,Kunal Jadhav,Male,2002-11-20,363926495782,kunal.jadhav36@gmail.com,+918983248262,8518812520,Noida,Uttar Pradesh,110664,Rajesh Jadhav,Nirmala Jadhav,Delhi Technological Uni  ,Information Technology,2K23/IT/39
DLI23SDA000058,Vivek Saxena,Male,2005-01-25,994999393305,vivek.saxena20@gmail.com,+91 6289752677,8233060463,Faridabad,Haryana,110331,Mahesh Saxena,Saroj Saxena,delhi technological university,Biotechnology,2K23/BT/177
DLI23SDA000059,Anil Solanki,Male,2005-07-13,096569998808,anil.solanki23@gmail.com,06703886086,9347644726,Noida,Uttar Pradesh,110908,Satish Solanki,Saroj Solanki,delhi technological university,Biotechnology,2K23/BT/24
DLI23SDA000060,Deepak Rawat,Male,2002-03-13,657027937145,deepak.rawat98@gmail.com,8111751868,8686025922,New Delhi,Delhi,110206,Anil Rawat,Suman Rawat,D.T.U.,Biotechnology,2K23/BT/74
DLI23SDA000061,Harsh Saxena,Male,2005-01-20,407778097339,harsh.saxena94@gmail.com,6767199038,7983022050,New Delhi,Delhi,110099,Anil Saxena,Manju Saxena,Delhi Technological Uni  ,Civil Engineering,2K23/CE/28
DLI23SDA000062,Deepak Mishra,Male,2004-10-22,998279501455,deepak.mishra58@gmail.com,9681472145,6833901981,Gurugram,Haryana,110946,Vinod Mishra,Manju Mishra,Delhi Technological University,Production & Industrial Engineering,2K23/PI/160
DLI23SDA000063,Anurag Saxena,Male,2002-10-16,877293430107,anurag.saxena90@gmail.com,9396605583,9344144885,Delhi,Delhi,110155,Ashok Saxena,Kiran Saxena,DTU,Civil Engineering,2K23/CE/45
DLI23SDA000064,Gajendra Shinde,Male,2003-08-26,027278576084,gajendra.shinde82@gmail.com,7880395512,7056829962,Ghaziabad,Uttar Pradesh,110145,Suresh Shinde,Pushpa Shinde,DTU,Biotechnology,2K23/BT/61
DLI23SDA000065,Devendra Kulkarni,Male,2005-09-10,215031780782,test_email_without_at,7784521823,9768104091,Noida,Uttar Pradesh,110701,Devendra Kulkarni,Rajni Kulkarni,D.T.U.,Civil Engineering,2K23/CE/148
DLI23SDA000066,Bhavesh Rathore,Male,2004-04-07,448571422410,bhavesh.rathore89@gmail.com,9385854249,8214958702,Delhi,Delhi,110701,Ashok Rathore,Anita Rathore,Delhi Technological University,Software Engineering,2K23/SE/46
DLI23SDA000067,Hardik Deshmukh,Male,2004-06-27,381792171747,hardik.deshmukh70@gmail.com,+918329456255,6701715772,Noida,Uttar Pradesh,110599,Satish Deshmukh,Usha Deshmukh,Delhi Technological University,Engineering Physics,2K23/EP/28
DLI23SDA000068,Chinmay Dogra,Male,2006-05-18,769639382761,chinmay.dogra53@gmail.com,+91 8966958321,6199758172,Noida,Uttar Pradesh,110619,Dinesh Dogra,Rajni Dogra,delhi technological university,Software Engineering,2K23/SE/84
DLI23SDA000069,Ketan Yadav,Male,2006-04-27,290227846997,ketan.yadav35@gmail.com,08549465190,6240580085,Delhi,Delhi,110403,Sanjay Yadav,Kiran Yadav,Delhi Technological University,Mathematics & Computing,2K23/MC/183
DLI23SDA000070,Satish Jadhav,Male,2003-09-07,272386562422,satish.jadhav11@gmail.com,9027621267,6927868765,New Delhi,Delhi,110269,Ramesh Jadhav,Kiran Jadhav,DTU,Engineering Physics,2K23/EP/61
DLI24SDA000001,Kuldeep Choudhary,Male,2003-06-02,097519712847,kuldeep.choudhary76@gmail.com,9891371894,9580778795,Gurugram,Haryana,110544,Mahesh Choudhary,Anita Choudhary,DTU,Production & Industrial Engineering,2K24/PI/192
DLI24SDA000002,Rajesh Negi,Male,2005-01-21,792904904712,rajesh.negi74@gmail.com,9442944401,8927524372,Ghaziabad,Uttar Pradesh,110051,Satish Negi,Sharda Negi,Delhi Technological Uni  ,Electrical Engineering,2K24/EE/127
DLI24SDA000003,Rakesh Jadhav,Male,2006-11-15,239504102767,rakesh.jadhav48@gmail.com,6836674286,9476580185,Gurugram,Haryana,110945,Vijay Jadhav,Pushpa Jadhav,delhi technological university,Information Technology,2K24/IT/168
DLI24SDA000004,Lokendra Shekhawat,Male,2003-04-17,525800106181,lokendra.shekhawat97@gmail.com,6534430091,9939111926,Faridabad,Haryana,110921,Mahesh Shekhawat,Pushpa Shekhawat,Delhi Technological University,Environmental Engineering,2K24/EN/20
DLI24SDA000005,Anurag Jodha,Male,2004-12-22,542140665044,anurag.jodha32@gmail.com,6173962712,6391741011,Ghaziabad,Uttar Pradesh,110470,Prakash Jodha,Geeta Jodha,DTU,Civil Engineering,2K24/CE/10
DLI24SDA000006,Tushar Pandey,Male,2005-07-19,087766183067,tushar.pandey25@gmail.com,7546015851,6432806346,Delhi,Delhi,110571,Pramod Pandey,Saroj Pandey,D.T.U.,Electrical Engineering,2K24/EE/10
DLI24SDA000007,Aman Rawat,Male,2006-08-13,184787005050,aman.rawat61@gmail.com,+919387829310,8707903202,Faridabad,Haryana,110041,Rajesh Rawat,Sharda Rawat,Delhi Technological University,Production & Industrial Engineering,2K24/PI/17
DLI24SDA000008,Harsh Prasad,Male,2003-10-08,136565198253,harsh.prasad15@gmail.com,+91 8511426258,8739021962,Delhi,Delhi,110710,Ramesh Prasad,Sita Prasad,Delhi Technological Uni  ,Engineering Physics,2K24/EP/167
DLI24SDA000009,Kuldeep Gohil,Male,2006-04-05,487632909279,kuldeep.gohil21@gmail.com,07560833181,7883734031,New Delhi,Delhi,110772,Mahesh Gohil,Rajni Gohil,Delhi Technological Uni  ,Civil Engineering,2K24/CE/166
DLI24SDA000010,Ishan Rathore,Male,2004-05-11,970108220781,ishan.rathore19@gmail.com,8799563531,7313636317,Ghaziabad,Uttar Pradesh,110706,Satish Rathore,Radha Rathore,Delhi Technological Uni  ,Biotechnology,2K24/BT/46
DLI24SDA000011,Digvijay Saxena,Male,2004-12-07,543520904217,digvijay.saxena68@gmail.com,6253492929,8168739774,Delhi,Delhi,110633,Sunil Saxena,Lata Saxena,DTU,Production & Industrial Engineering,2K24/PI/39
DLI24SDA000012,Kuldeep Singh,Male,2007-08-24,806867177318,kuldeep.singh11@gmail.com,6325431074,8799077262,Noida,Uttar Pradesh,110701,Ashok Singh,Manju Singh,DTU,Information Technology,2K24/IT/110
DLI24SDA000013,Ranjan Bisht,Male,2003-10-26,319508501657,ranjan.bisht89@gmail.com,9552818325,8817933554,Ghaziabad,Uttar Pradesh,110640,Naresh Bisht,Rekha Bisht,Delhi Technological University,Biotechnology,2K24/BT/129
DLI24SDA000014,Sachin Choudhary,Male,2003-05-15,951371162411,sachin.choudhary31@gmail.com,7127238046,8756704310,New Delhi,Delhi,110856,Manohar Choudhary,Manju Choudhary,DTU,Mathematics & Computing,2K24/MC/125
DLI24SDA000015,Lokendra Kulkarni,Male,2003-03-26,424375402547,lokendra.kulkarni31@gmail.com,8842222310,7927452380,Faridabad,Haryana,110552,Subhash Kulkarni,Saroj Kulkarni,DTU,Electrical Engineering,2K24/EE/137
DLI24SDA000016,Harsh Verma,Male,2004-08-25,275208854749,harsh.verma95@gmail.com,8975170281,7069375150,Ghaziabad,Uttar Pradesh,110398,Rajendra Verma,Pushpa Verma,Delhi Technological University,Mechanical Engineering,2K24/ME/138
DLI24SDA000017,Mitul Chauhan,Male,2003-07-07,759980562656,mitul.chauhan57@gmail.com,+919455478137,6742662991,New Delhi,Delhi,110347,Devendra Chauhan,Manju Chauhan,Delhi Technological University,Production & Industrial Engineering,2K24/PI/194
DLI24SDA000018,Kunal Sharma,Male,2004-11-09,628792326487,kunal.sharma15@gmail.com,+91 7947873002,7471462730,Delhi,Delhi,110471,Vinod Sharma,Rekha Sharma,DTU,Production & Industrial Engineering,2K24/PI/112
DLI24SDA000019,Bhavesh Gohil,Male,2007-06-17,904290257252,bhavesh.gohil16@gmail.com,07565044818,8219285544,Faridabad,Haryana,110518,Manohar Gohil,Rekha Gohil,delhi technological university,Civil Engineering,2K24/CE/36
DLI24SDA000020,Digvijay Prasad,Male,2004-06-06,132833898881,digvijay.prasad63@gmail.com,6112075452,6985240132,Faridabad,Haryana,110234,Satish Prasad,Radha Prasad,Delhi Technological University,Mechanical Engineering,2K24/ME/109
DLI24SDA000021,Rohan Verma,Male,2004-07-02,310890714014,rohan.verma95@gmail.com,9119393250,9249552893,Ghaziabad,Uttar Pradesh,110911,Manohar Verma,Sunita Verma,DTU,Engineering Physics,2K24/EP/50
DLI24SDA000022,Amit Choudhary,Male,2007-12-04,387592712566,amit.choudhary37@gmail.com,8615171827,7480157164,Gurugram,Haryana,110947,Rajendra Choudhary,Sushma Choudhary,DTU,Software Engineering,2K24/SE/49
DLI24SDA000023,Suresh Gohil,Male,2005-03-01,716781126691,suresh.gohil31@gmail.com,9535396136,6499465796,Gurugram,Haryana,110842,Rajesh Gohil,Savita Gohil,Delhi Technological University,Biotechnology,2K24/BT/128
DLI24SDA000024,Bhavesh Saxena,Male,2007-02-24,017026952499,bhavesh.saxena22@gmail.com,9877347784,7880061675,Gurugram,Haryana,110770,Suresh Saxena,Sita Saxena,DTU,Information Technology,2K24/IT/181
DLI24SDA000025,Swapnil Shah,Male,2006-05-23,671978897782,swapnil.shah74@gmail.com,9647969545,9090255905,Gurugram,Haryana,110165,Subhash Shah,Lata Shah,Delhi Technological University,Environmental Engineering,2K24/EN/63
DLI24SDA000026,Pankaj Dogra,Male,2005-10-03,141520850769,pankaj.dogra75@gmail.com,6407905696,7917135785,New Delhi,Delhi,110945,Sanjay Dogra,Radha Dogra,DTU,Mechanical Engineering,2K24/ME/138
DLI24SDA000027,Ishan Choudhary,Male,2007-05-19,639191954198,ishan.choudhary70@gmail.com,+916351484685,8664987820,Faridabad,Haryana,110829,Prakash Choudhary,Radha Choudhary,DTU,Engineering Physics,2K24/EP/120
DLI24SDA000028,Anurag Thakur,Male,2003-10-28,690835723246,anurag.thakur62@gmail.com,+91 7136442493,6312303477,Ghaziabad,Uttar Pradesh,110660,Harish Thakur,Sita Thakur,Delhi Technological University,Civil Engineering,2K24/CE/67
DLI24SDA000029,Jignesh Yadav,Male,2006-11-28,070015941651,jignesh.yadav60@gmail.com,08319818984,6139155963,Gurugram,Haryana,110321,Mahesh Yadav,Radha Yadav,Delhi Technological Uni  ,Biotechnology,2K24/BT/105
DLI24SDA000030,Anil Rawat,Male,2007-08-18,515867342575,anil.rawat49@gmail.com,9900348645,9837606441,New Delhi,Delhi,110432,Rajesh Rawat,Nirmala Rawat,Delhi Technological University,Environmental Engineering,2K24/EN/105
DLI24SDA000031,Tushar Chauhan,Male,2004-08-24,656124815698,tushar.chauhan51@gmail.com,6002720634,7911238296,Noida,Uttar Pradesh,110772,Vijay Chauhan,Sita Chauhan,DTU,Mathematics & Computing,2K24/MC/73
DLI24SDA000032,Kunal Patel,Male,2005-03-13,693008931734,kunal.patel99@gmail.com,8069694215,8910867713,Faridabad,Haryana,110334,Anil Patel,Seema Patel,Delhi Technological University,Software Engineering,2K24/SE/53
DLI24SDA000033,Harish Joshi,Male,2006-07-06,620443973597,harish.joshi20@gmail.com,9725636694,9180053759,Faridabad,Haryana,110900,Vijay Joshi,Usha Joshi,DTU,Information Technology,2K24/IT/102
DLI24SDA000034,Arjun Yadav,Male,2007-10-06,428757215862,arjun.yadav43@gmail.com,9502745644,7856257287,Delhi,Delhi,110320,Rajendra Yadav,Sita Yadav,Delhi Technological University,Information Technology,2K24/IT/42
DLI24SDA000035,Mahendra Vardhan,Male,2004-01-15,587771215134,mahendra.vardhan33@gmail.com,8849939089,8613715041,Gurugram,Haryana,110591,Sunil Vardhan,Geeta Vardhan,Delhi Technological University,Biotechnology,2K24/BT/182
DLI24SDA000036,Lokendra Thakur,Male,2005-10-22,050975923045,lokendra.thakur17@gmail.com,9896164236,9032664214,Gurugram,Haryana,110649,Satish Thakur,Rekha Thakur,DTU,Mathematics & Computing,2K24/MC/132
DLI24SDA000037,Swapnil Trivedi,Male,2004-08-09,996165926610,swapnil.trivedi75@gmail.com,+917732788147,6174224386,Noida,Uttar Pradesh,110908,Naresh Trivedi,Anita Trivedi,DTU,Chemical Engineering,2K24/CH/109
DLI24SDA000038,Vivek Solanki,Male,2003-05-12,491801722601,vivek.solanki63@gmail.com,+91 7597794523,8194168006,Delhi,Delhi,110027,Rajesh Solanki,Asha Solanki,delhi technological university,Engineering Physics,2K24/EP/155
DLI24SDA000039,Kartik Bisht,Male,2003-06-23,641220310303,kartik.bisht71@gmail.com,08368314727,6012277707,Ghaziabad,Uttar Pradesh,110334,Manohar Bisht,Asha Bisht,Delhi Technological University,Civil Engineering,2K24/CE/27
DLI24SDA000040,Kuldeep Prasad,Male,2003-10-24,840767899730,kuldeep.prasad77@gmail.com,9695814671,6957602437,Noida,Uttar Pradesh,110738,Rajendra Prasad,Kiran Prasad,Delhi Technological Uni  ,Mathematics & Computing,2K24/MC/155
DLI24SDA000041,Arjun Joshi,Male,2004-07-27,572934172232,arjun.joshi87@gmail.com,6167433800,7452280156,Delhi,Delhi,110931,Kailash Joshi,Meena Joshi,DTU,Mathematics & Computing,2K24/MC/91
DLI24SDA000042,Rakesh Yadav,Male,2005-03-28,891077119918,rakesh.yadav15@gmail.com,9213524787,9255213760,New Delhi,Delhi,110754,Devendra Yadav,Sita Yadav,Delhi Technological University,Mathematics & Computing,2K24/MC/184
DLI24SDA000043,Digvijay Thakur,Male,2006-03-25,863266678507,digvijay.thakur28@gmail.com,9811556260,6029084668,Noida,Uttar Pradesh,110550,Vijay Thakur,Usha Thakur,DTU,Electrical Engineering,2K24/EE/180
DLI24SDA000044,Devendra Dogra,Male,2006-09-20,975634108562,devendra.dogra76@gmail.com,7318848520,9894346810,Noida,Uttar Pradesh,110485,Dinesh Dogra,Anita Dogra,D.T.U.,Mechanical Engineering,2K24/ME/115
DLI24SDA000045,Ajay Sharma,Male,2004-06-08,998935449268,ajay.sharma41@gmail.com,9589357126,6110627371,Noida,Uttar Pradesh,110869,Kailash Sharma,Usha Sharma,D.T.U.,Information Technology,2K24/IT/150
DLI24SDA000046,Bhavesh Shah,Male,2004-12-16,622827728813,bhavesh.shah68@gmail.com,6028519611,7940821545,Noida,Uttar Pradesh,110470,Satish Shah,Geeta Shah,D.T.U.,Software Engineering,2K24/SE/13
DLI24SDA000047,Pawan Joshi,Male,2006-03-27,701851067949,pawan.joshi67@gmail.com,+917679228777,8519966365,Ghaziabad,Uttar Pradesh,110074,Pramod Joshi,Kavita Joshi,delhi technological university,Engineering Physics,2K24/EP/7
DLI24SDA000048,Chinmay Dogra,Male,2007-11-18,139890983780,chinmay.dogra25@gmail.com,+91 8043397189,7690705626,Delhi,Delhi,110856,Vijay Dogra,Kavita Dogra,Delhi Technological University,Mechanical Engineering,2K24/ME/139
DLI24SDA000049,Ishan Pandey,Male,2006-05-25,124620952004,ishan.pandey59@gmail.com,09526546103,8993788614,Delhi,Delhi,110578,Sanjay Pandey,Kavita Pandey,DTU,Software Engineering,2K24/SE/163
DLI24SDA000050,Ramesh Verma,Male,2005-09-19,138249671832,ramesh.verma57@gmail.com,8386870079,7200749465,Faridabad,Haryana,110398,Anil Verma,Anita Verma,Delhi Technological University,Chemical Engineering,2K24/CH/145
DLI24SDA000051,Kartik Chauhan,Male,2004-12-04,284639855474,kartik.chauhan41@gmail.com,7537950209,6002687681,Faridabad,Haryana,110180,Arvind Chauhan,Saroj Chauhan,DTU,Mathematics & Computing,2K24/MC/97
DLI24SDA000052,Ranvijay Trivedi,Male,2007-02-15,537030453194,ranvijay.trivedi38@gmail.com,8750479303,6149872839,Faridabad,Haryana,110992,Naresh Trivedi,Kiran Trivedi,Delhi Technological University,Mechanical Engineering,2K24/ME/33
DLI24SDA000053,Anurag Negi,Male,2006-09-24,430894870605,anurag.negi65@gmail.com,6418775803,9468750635,Delhi,Delhi,110903,Sanjay Negi,Kavita Negi,Delhi Technological Uni  ,Computer Engineering,2K24/CO/43
DLI24SDA000054,Kartik Gupta,Male,2007-01-16,609543173505,kartik.gupta76@gmail.com,8199717911,9065120704,Ghaziabad,Uttar Pradesh,110611,Arvind Gupta,Anita Gupta,DTU,Information Technology,2K24/IT/98
DLI24SDA000055,Vivek Bisht,Male,2004-04-28,990767699150,vivek.bisht68@gmail.com,7931109193,8845679723,New Delhi,Delhi,110002,Anil Bisht,Kiran Bisht,DTU,Environmental Engineering,2K24/EN/194
DLI24SDA000056,Kartik Rawat,Male,2003-03-05,749545089203,kartik.rawat74@gmail.com,9653331537,6959959465,New Delhi,Delhi,110170,Prakash Rawat,Meena Rawat,Delhi Technological Uni  ,Environmental Engineering,2K24/EN/58
DLI24SDA000057,Lokendra Bisht,Male,2006-04-16,563620501508,lokendra.bisht24@gmail.com,+918473950033,7234258323,Delhi,Delhi,110241,Ramesh Bisht,Rajni Bisht,Delhi Technological University,Environmental Engineering,2K24/EN/29
DLI24SDA000058,Anurag Rathore,Male,2005-08-08,552896112233,anurag.rathore78@gmail.com,+91 6559630993,7253042897,New Delhi,Delhi,110179,Naresh Rathore,Sita Rathore,DTU,Environmental Engineering,2K24/EN/193
DLI24SDA000059,Swapnil Paswan,Male,2004-03-11,587774969033,swapnil.paswan35@gmail.com,06363466925,7812147853,Ghaziabad,Uttar Pradesh,110078,Vinod Paswan,Manju Paswan,DTU,Biotechnology,2K24/BT/111
DLI24SDA000060,Digvijay Prasad,Male,2005-05-13,027341514888,digvijay.prasad92@gmail.com,9431115083,7354443928,Noida,Uttar Pradesh,110044,Subhash Prasad,Asha Prasad,Delhi Technological Uni  ,Production & Industrial Engineering,2K24/PI/194
DLI24SDA000061,Sachin Dogra,Male,2003-03-28,633373898775,sachin.dogra20@gmail.com,7366377805,8924075536,Gurugram,Haryana,110684,Sunil Dogra,Kiran Dogra,Delhi Technological University,Civil Engineering,2K24/CE/36
DLI24SDA000062,Vishal Shinde,Male,2003-11-26,999663618637,vishal.shinde23@gmail.com,7974121820,6023164334,Faridabad,Haryana,110817,Suresh Shinde,Rekha Shinde,DTU,Electrical Engineering,2K24/EE/84
DLI24SDA000063,Satish Mishra,Male,2007-03-18,671632346729,satish.mishra83@gmail.com,7938743027,9693859777,Ghaziabad,Uttar Pradesh,110014,Pramod Mishra,Saroj Mishra,Delhi Technological University,Engineering Physics,2K24/EP/77
DLI24SDA000064,Hardik Trivedi,Male,2004-04-06,967629160324,hardik.trivedi90@gmail.com,7137681511,7672438070,Delhi,Delhi,110765,Ashok Trivedi,Radha Trivedi,Delhi Technological University,Civil Engineering,2K24/CE/65
DLI24SDA000065,Sanjay Saxena,Male,2005-11-24,777118372742,sanjay.saxena31@gmail.com,9912418621,9427523083,Gurugram,Haryana,110081,Ashok Saxena,Suman Saxena,DTU,Production & Industrial Engineering,2K24/PI/2
DLI24SDA000066,Rakesh Jadhav,Male,2006-04-12,331060053131,rakesh.jadhav95@gmail.com,8206815583,8866133155,New Delhi,Delhi,110065,Ramesh Jadhav,Asha Jadhav,Delhi Technological University,Computer Engineering,2K24/CO/17
DLI24SDA000067,Ketan Bisht,Male,2005-01-03,364971892419,ketan.bisht51@gmail.com,+916252571509,6683890309,Delhi,Delhi,110436,Rajendra Bisht,Sharda Bisht,Delhi Technological University,Electrical Engineering,2K24/EE/96
DLI24SDA000068,Ishan Bhati,Male,2006-07-07,039752450864,ishan.bhati13@gmail.com,+91 8553380339,6852701713,Delhi,Delhi,110232,Naresh Bhati,Sita Bhati,DTU,Computer Engineering,2K24/CO/61
DLI24SDA000069,Mahendra Solanki,Male,2005-03-24,336293449734,mahendra.solanki71@gmail.com,09566277689,6270661498,New Delhi,Delhi,110824,Ashok Solanki,Saroj Solanki,Delhi Technological University,Information Technology,2K24/IT/97
DLI24SDA000070,Rohan Shinde,Male,2006-12-16,323008576665,rohan.shinde59@gmail.com,6491601692,8645875066,Faridabad,Haryana,110337,Suresh Shinde,Rekha Shinde,DTU,Environmental Engineering,2K24/EN/8
DLI25SDA000001,Sumit Bhatt,Male,2005-11-05,439920116691,sumit.bhatt76@gmail.com,8626448869,7611952436,Faridabad,Haryana,110402,Prakash Bhatt,Sunita Bhatt,Delhi Technological University,Engineering Physics,2K25/EP/107
DLI25SDA000002,Ketan Joshi,Male,2005-03-06,522372817932,ketan.joshi35@gmail.com,9234679121,7161415093,Gurugram,Haryana,110710,Suresh Joshi,Pushpa Joshi,D.T.U.,Civil Engineering,2K25/CE/171
DLI25SDA000003,Vivek Rathore,Male,2004-01-13,984775965555,vivek.rathore40@gmail.com,7669055107,6209184357,Ghaziabad,Uttar Pradesh,110786,Arvind Rathore,Radha Rathore,Delhi Technological University,Environmental Engineering,2K25/EN/83
DLI25SDA000004,Bhavesh Gaikwad,Male,2008-12-11,739769156716,bhavesh.gaikwad47@gmail.com,8289802714,6271783332,Faridabad,Haryana,110116,Ramesh Gaikwad,Sita Gaikwad,Delhi Technological Uni  ,Mathematics & Computing,2K25/MC/99
DLI25SDA000005,Abhishek Choudhary,Male,2005-11-04,287153991566,abhishek.choudhary93@gmail.com,6334141115,8195256904,Delhi,Delhi,110983,Ashok Choudhary,Lata Choudhary,Delhi Technological University,Mathematics & Computing,2K25/MC/174
DLI25SDA000006,Milind Bhatt,Male,2004-04-04,608752437729,milind.bhatt46@gmail.com,8095481497,8746052330,New Delhi,Delhi,110764,Arvind Bhatt,Sita Bhatt,Delhi Technological Uni  ,Chemical Engineering,2K25/CH/101
DLI25SDA000007,Mahendra Gohil,Male,2006-07-13,184438612590,mahendra.gohil48@gmail.com,+916292774233,8059126620,Delhi,Delhi,110572,Suresh Gohil,Savita Gohil,Delhi Technological Uni  ,Environmental Engineering,2K25/EN/87
DLI25SDA000008,Yash Thakur,Male,2005-04-02,136749261764,yash.thakur90@gmail.com,+91 6501111783,9999741926,Gurugram,Haryana,110649,Satish Thakur,Savita Thakur,Delhi Technological University,Engineering Physics,2K25/EP/138
DLI25SDA000009,Satish Verma,Male,2005-09-27,887189813129,satish.verma98@gmail.com,08087510293,8184011845,Ghaziabad,Uttar Pradesh,110260,Rajendra Verma,Suman Verma,Delhi Technological University,Chemical Engineering,2K25/CH/76
DLI25SDA000010,Arjun Negi,Male,2005-12-11,859883103032,arjun.negi48@gmail.com,8298395429,6184462671,Noida,Uttar Pradesh,110628,Harish Negi,Kavita Negi,DTU,Information Technology,2K25/IT/163
DLI25SDA000011,Sanjay Gaikwad,Male,2004-11-21,892625660931,sanjay.gaikwad44@gmail.com,9818615155,7234016361,Delhi,Delhi,110284,Manohar Gaikwad,Seema Gaikwad,Delhi Technological University,Mathematics & Computing,2K25/MC/180
DLI25SDA000012,Chinmay Jodha,Male,2004-02-02,256258896792,chinmay.jodha43@gmail.com,9822269405,8967275784,Noida,Uttar Pradesh,110683,Anil Jodha,Nirmala Jodha,delhi technological university,Information Technology,2K25/IT/105
DLI25SDA000013,Sunil Chauhan,Male,2008-02-24,312901487068,sunil.chauhan27@gmail.com,6788160930,6853890972,Faridabad,Haryana,110832,Naresh Chauhan,Rekha Chauhan,delhi technological university,Chemical Engineering,2K25/CH/91
DLI25SDA000014,Mahendra Prasad,Male,2005-03-12,153814474430,mahendra.prasad90@gmail.com,6348079705,9975451052,Gurugram,Haryana,110501,Sanjay Prasad,Seema Prasad,Delhi Technological University,Chemical Engineering,2K25/CH/132
DLI25SDA000015,Kuldeep Vardhan,Male,2005-01-05,437654562841,kuldeep.vardhan66@gmail.com,6225605313,7026650237,Faridabad,Haryana,110416,Prakash Vardhan,Sushma Vardhan,DTU,Environmental Engineering,2K25/EN/183
DLI25SDA000016,Vikram Mehta,Male,2004-12-24,621102258030,vikram.mehta96@gmail.com,7690674471,6392823414,Faridabad,Haryana,110363,Prakash Mehta,Savita Mehta,D.T.U.,Chemical Engineering,2K25/CH/157
DLI25SDA000017,Rohit Rawat,Male,2007-04-04,260432609310,rohit.rawat58@gmail.com,+916843356708,6041454563,Noida,Uttar Pradesh,110020,Ramesh Rawat,Anita Rawat,DTU,Mathematics & Computing,2K25/MC/55
DLI25SDA000018,Sachin Jodha,Male,2004-02-14,247554110825,sachin.jodha56@gmail.com,+91 7989534396,9129109337,Delhi,Delhi,110189,Sunil Jodha,Suman Jodha,D.T.U.,Computer Engineering,2K25/CO/137
DLI25SDA000019,Aditya Saxena,Male,2007-07-18,485571617688,aditya.saxena12@gmail.com,08942409036,6881278686,Gurugram,Haryana,110943,Mahesh Saxena,Sunita Saxena,Delhi Technological University,Computer Engineering,2K25/CO/152
DLI25SDA000020,Pawan Sinha,Male,2005-09-23,844344812308,pawan.sinha40@gmail.com,7024240338,9059551842,Gurugram,Haryana,110945,Suresh Sinha,Nirmala Sinha,delhi technological university,Mathematics & Computing,2K25/MC/57
DLI25SDA000021,Deepak Choudhary,Male,2008-09-22,916498373543,deepak.choudhary84@gmail.com,6273652717,8722397240,Noida,Uttar Pradesh,110226,Arvind Choudhary,Sharda Choudhary,Delhi Technological University,Electrical Engineering,2K25/EE/19
DLI25SDA000022,Pankaj Solanki,Male,2005-02-24,820916601002,pankaj.solanki41@gmail.com,9429001851,8279724572,New Delhi,Delhi,110084,Pramod Solanki,Sushma Solanki,Delhi Technological University,Civil Engineering,2K25/CE/27
DLI25SDA000023,Vivek Sinha,Male,2005-03-01,303662543617,vivek.sinha31@gmail.com,9314519515,9092268592,Faridabad,Haryana,110624,Vinod Sinha,Suman Sinha,Delhi Technological University,Mechanical Engineering,2K25/ME/70
DLI25SDA000024,Jignesh Gaikwad,Male,2006-12-26,102252677119,jignesh.gaikwad64@gmail.com,7215226557,6769523668,Gurugram,Haryana,110887,Kailash Gaikwad,Sushma Gaikwad,delhi technological university,Software Engineering,2K25/SE/22
DLI25SDA000025,Milind Negi,Male,2007-12-03,350305872105,milind.negi56@gmail.com,8472863330,8126065019,Delhi,Delhi,110792,Ramesh Negi,Geeta Negi,Delhi Technological University,Mechanical Engineering,2K25/ME/63
DLI25SDA000026,Rahul Negi,Male,2005-03-25,272847657041,rahul.negi29@gmail.com,9092820667,7984362418,Gurugram,Haryana,110236,Vinod Negi,Anita Negi,Delhi Technological University,Electrical Engineering,2K25/EE/191
DLI25SDA000027,Harish Solanki,Male,2005-06-21,662056341115,harish.solanki87@gmail.com,+917034281139,9438303419,Ghaziabad,Uttar Pradesh,110097,Suresh Solanki,Anita Solanki,Delhi Technological University,Information Technology,2K25/IT/3
DLI25SDA000028,Vikash Joshi,Male,2005-09-07,565215681820,vikash.joshi85@gmail.com,+91 6790422711,8322889857,New Delhi,Delhi,110545,Vinod Joshi,Lata Joshi,Delhi Technological University,Engineering Physics,2K25/EP/199
DLI25SDA000029,Pankaj Rathore,Male,2004-10-03,297102481717,pankaj.rathore50@gmail.com,08421495511,8747472197,Delhi,Delhi,110546,Sanjay Rathore,Sharda Rathore,Delhi Technological Uni  ,Electrical Engineering,2K25/EE/113
DLI25SDA000030,Shreyas Bisht,Male,2006-06-03,687409038021,shreyas.bisht47@gmail.com,6296136715,6787112166,New Delhi,Delhi,110651,Sunil Bisht,Manju Bisht,Delhi Technological Uni  ,Biotechnology,2K25/BT/55
DLI25SDA000031,Harsh Jodha,Male,2005-01-18,272359096056,harsh.jodha70@gmail.com,8030644212,9461476834,New Delhi,Delhi,110016,Sunil Jodha,Suman Jodha,Delhi Technological University,Mathematics & Computing,2K25/MC/108
DLI25SDA000032,Sachin Choudhary,Male,2007-12-14,596089319925,sachin.choudhary95@gmail.com,7027275164,9727910336,Faridabad,Haryana,110829,Ashok Choudhary,Radha Choudhary,Delhi Technological University,Computer Engineering,2K25/CO/174
DLI25SDA000033,Digvijay Gaikwad,Male,2008-05-10,817766558685,digvijay.gaikwad24@gmail.com,8765289286,6464911110,Ghaziabad,Uttar Pradesh,110617,Vinod Gaikwad,Sushma Gaikwad,Delhi Technological University,Biotechnology,2K25/BT/129
DLI25SDA000034,Jignesh Joshi,Male,2005-04-08,786137157660,jignesh.joshi57@gmail.com,8844446306,9002589552,Ghaziabad,Uttar Pradesh,110638,Ashok Joshi,Radha Joshi,DTU,Software Engineering,2K25/SE/14
DLI25SDA000035,Arjun Thakur,Male,2005-12-06,658263128196,arjun.thakur90@gmail.com,7825311060,8098196027,Faridabad,Haryana,110523,Pramod Thakur,Meena Thakur,Delhi Technological University,Chemical Engineering,2K25/CH/63
DLI25SDA000036,Rakesh Choudhary,Male,2008-05-03,209117911244,rakesh.choudhary33@gmail.com,9175361706,9713665722,Noida,Uttar Pradesh,110029,Pramod Choudhary,Sharda Choudhary,delhi technological university,Mechanical Engineering,2K25/ME/88
DLI25SDA000037,Sachin Bisht,Male,2004-09-01,284139080882,sachin.bisht37@gmail.com,+917130523124,7731584776,Ghaziabad,Uttar Pradesh,110634,Mahesh Bisht,Radha Bisht,DTU,Engineering Physics,2K25/EP/72
DLI25SDA000038,Vivek Rawat,Male,2004-05-06,376769459196,vivek.rawat64@gmail.com,+91 8955172084,6498560125,Gurugram,Haryana,110253,Naresh Rawat,Radha Rawat,DTU,Mathematics & Computing,2K25/MC/38
DLI25SDA000039,Harsh Sharma,Male,2006-12-01,537953816493,harsh.sharma77@gmail.com,08184919665,7330770461,Delhi,Delhi,110729,Sunil Sharma,Kiran Sharma,Delhi Technological University,Production & Industrial Engineering,2K25/PI/6
DLI25SDA000040,Aman Dogra,Male,2004-01-15,426088050171,aman.dogra63@gmail.com,7455618579,9647715910,New Delhi,Delhi,110002,Dinesh Dogra,Manju Dogra,delhi technological university,Engineering Physics,2K25/EP/112
DLI25SDA000041,Amit Chauhan,Male,2007-12-26,580040104145,amit.chauhan98@gmail.com,6422971252,6718839774,Noida,Uttar Pradesh,110731,Vijay Chauhan,Suman Chauhan,D.T.U.,Mathematics & Computing,2K25/MC/143
DLI25SDA000042,Jignesh Dogra,Male,2007-12-03,170303763715,jignesh.dogra36@gmail.com,7472812356,6983631462,Faridabad,Haryana,110491,Satish Dogra,Saroj Dogra,delhi technological university,Engineering Physics,2K25/EP/29
DLI25SDA000043,Aman Solanki,Male,2007-05-01,787541815632,aman.solanki60@gmail.com,6850745106,6343629489,Gurugram,Haryana,110861,Arvind Solanki,Anita Solanki,DTU,Mechanical Engineering,2K25/ME/57
DLI25SDA000044,Mohit Singh,Male,2004-05-08,181439666134,mohit.singh73@gmail.com,8235494012,6432512257,New Delhi,Delhi,110076,Sunil Singh,Sunita Singh,Delhi Technological University,Information Technology,2K25/IT/20
DLI25SDA000045,Mitul Sharma,Male,2004-06-16,907371009438,mitul.sharma74@gmail.com,8211457758,7745705458,Faridabad,Haryana,110971,Vijay Sharma,Rajni Sharma,DTU,Environmental Engineering,2K25/EN/6
DLI25SDA000046,Kuldeep Gehlot,Male,2007-06-16,039653136148,kuldeep.gehlot67@gmail.com,8455696443,9985916795,Noida,Uttar Pradesh,110107,Arvind Gehlot,Geeta Gehlot,DTU,Electrical Engineering,2K25/EE/134
DLI25SDA000047,Hardik Yadav,Male,2007-05-16,414070349107,hardik.yadav49@gmail.com,+919650042548,8142369143,Delhi,Delhi,110753,Arvind Yadav,Nirmala Yadav,Delhi Technological University,Software Engineering,2K25/SE/26
DLI25SDA000048,Ramesh Kulkarni,Male,2004-05-06,965923426834,ramesh.kulkarni49@gmail.com,+91 9497826612,6585756766,Gurugram,Haryana,110080,Sanjay Kulkarni,Kavita Kulkarni,D.T.U.,Production & Industrial Engineering,2K25/PI/78
DLI25SDA000049,Parth Sinha,Male,2006-03-20,894062607870,parth.sinha20@gmail.com,09415914975,9198038287,New Delhi,Delhi,110324,Pramod Sinha,Suman Sinha,D.T.U.,Civil Engineering,2K25/CE/125
DLI25SDA000050,Harsh Gupta,Male,2008-03-20,181331708760,harsh.gupta25@gmail.com,7672384979,9620223288,New Delhi,Delhi,110774,Anil Gupta,Rajni Gupta,Delhi Technological University,Production & Industrial Engineering,2K25/PI/127
DLI25SDA000051,Jignesh Jodha,Male,2005-07-23,176620471960,jignesh.jodha84@gmail.com,7097052774,9258835868,Delhi,Delhi,110225,Pramod Jodha,Kiran Jodha,Delhi Technological University,Engineering Physics,2K25/EP/36
DLI25SDA000052,Manish Kulkarni,Male,2005-02-27,767929884259,manish.kulkarni84@gmail.com,7996100231,9775331266,Delhi,Delhi,110094,Dinesh Kulkarni,Anita Kulkarni,delhi technological university,Mechanical Engineering,2K25/ME/114
DLI25SDA000053,Harshal Thakur,Male,2008-03-11,176298334774,harshal.thakur38@gmail.com,8268319013,9205698152,Faridabad,Haryana,110873,Harish Thakur,Kiran Thakur,delhi technological university,Chemical Engineering,2K25/CH/91
DLI25SDA000054,Hardik Yadav,Male,2007-02-15,661912841173,hardik.yadav16@gmail.com,7034465124,9893898469,Delhi,Delhi,110819,Prakash Yadav,Pushpa Yadav,DTU,Civil Engineering,2K25/CE/87
DLI25SDA000055,Sumit Bhati,Male,2006-01-05,385037199051,sumit.bhati63@gmail.com,9872401078,8567430003,Ghaziabad,Uttar Pradesh,110960,Kailash Bhati,Seema Bhati,Delhi Technological University,Software Engineering,2K25/SE/179
DLI25SDA000056,Mahendra Shah,Male,2004-03-04,719553560331,mahendra.shah85@gmail.com,9368900301,9272405593,Noida,Uttar Pradesh,110296,Prakash Shah,Rajni Shah,Delhi Technological University,Mechanical Engineering,2K25/ME/20
DLI25SDA000057,Vishal Choudhary,Male,2007-08-23,537458438458,vishal.choudhary74@gmail.com,+919056974132,8483152037,Faridabad,Haryana,110710,Prakash Choudhary,Anita Choudhary,Delhi Technological University,Production & Industrial Engineering,2K25/PI/99
DLI25SDA000058,Harish Chauhan,Male,2008-05-28,967066703362,harish.chauhan94@gmail.com,+91 6804085095,7930596601,Ghaziabad,Uttar Pradesh,110648,Rajesh Chauhan,Lata Chauhan,DTU,Production & Industrial Engineering,2K25/PI/197
DLI25SDA000059,Amit Jadhav,Male,2005-12-08,204413845960,amit.jadhav88@gmail.com,07544901495,7277070705,Gurugram,Haryana,110836,Suresh Jadhav,Kiran Jadhav,Delhi Technological Uni  ,Information Technology,2K25/IT/157
DLI25SDA000060,Rohan Trivedi,Male,2007-05-25,447232290310,rohan.trivedi33@gmail.com,6950830440,7809351187,Delhi,Delhi,110813,Harish Trivedi,Manju Trivedi,DTU,Environmental Engineering,2K25/EN/107
DLI25SDA000061,Ketan Shah,Male,2006-03-01,595565749025,ketan.shah15@gmail.com,7290193588,7369026113,Ghaziabad,Uttar Pradesh,110898,Sanjay Shah,Sushma Shah,D.T.U.,Chemical Engineering,2K25/CH/14
DLI25SDA000062,Jignesh Paswan,Male,2004-08-11,439435353751,jignesh.paswan98@gmail.com,8765158815,6937639283,Gurugram,Haryana,110929,Vijay Paswan,Suman Paswan,Delhi Technological University,Mechanical Engineering,2K25/ME/21
DLI25SDA000063,Kuldeep Sinha,Male,2007-10-16,327021648712,kuldeep.sinha14@gmail.com,6021288665,8683415599,Ghaziabad,Uttar Pradesh,110101,Subhash Sinha,Saroj Sinha,Delhi Technological Uni  ,Environmental Engineering,2K25/EN/116
DLI25SDA000064,Ishan Gohil,Male,2007-12-06,981209957657,ishan.gohil32@gmail.com,7134750988,6456522036,Ghaziabad,Uttar Pradesh,110499,Sunil Gohil,Savita Gohil,Delhi Technological University,Electrical Engineering,2K25/EE/31
DLI25SDA000065,Tushar Prasad,Male,2005-04-06,449134213882,tushar.prasad13@gmail.com,9883070534,6782741176,Gurugram,Haryana,110412,Vijay Prasad,Rajni Prasad,Delhi Technological University,Mathematics & Computing,2K25/MC/21
DLI25SDA000066,Rajesh Gupta,Male,2006-03-17,547815061853,rajesh.gupta81@gmail.com,9032963347,8727423183,Delhi,Delhi,110617,Kailash Gupta,Sharda Gupta,Delhi Technological University,Electrical Engineering,2K25/EE/10
DLI25SDA000067,Ranjan Choudhary,Male,2004-07-21,935782434776,ranjan.choudhary86@gmail.com,+917874131467,7361275156,Faridabad,Haryana,110277,Vinod Choudhary,Lata Choudhary,DTU,Civil Engineering,2K25/CE/75
DLI25SDA000068,Shreyas Rathore,Male,2005-01-18,545667664047,shreyas.rathore38@gmail.com,+91 7047639283,9995298006,Delhi,Delhi,110558,Naresh Rathore,Nirmala Rathore,Delhi Technological University,Computer Engineering,2K25/CO/93
DLI25SDA000069,Amit Choudhary,Male,2005-12-08,425563830008,amit.choudhary23@gmail.com,06702440330,7166241118,Faridabad,Haryana,110600,Kailash Choudhary,Sharda Choudhary,Delhi Technological Uni  ,Mechanical Engineering,2K25/ME/189
DLI25SDA000070,Rohit Bhatt,Male,2006-06-14,804473149764,rohit.bhatt64@gmail.com,9368474883,6076581739,Delhi,Delhi,110637,Subhash Bhatt,Seema Bhatt,DTU,Environmental Engineering,2K25/EN/80
DLI25SDA000071,Yash Thakur,Male,2008-02-18,237931269789,yash.thakur39@gmail.com,9746452059,6043878753,Noida,Uttar Pradesh,110778,Kailash Thakur,Kavita Thakur,Delhi Technological Uni  ,Software Engineering,2K25/SE/180
DLI26SDA000001,Ranvijay Saxena,Male,2009-03-17,123710672872,ranvijay.saxena80@gmail.com,6604164485,7922483958,Ghaziabad,Uttar Pradesh,110477,Harish Saxena,Manju Saxena,Delhi Technological Uni  ,Engineering Physics,2K26/EP/35
DLI26SDA000002,Milind Gohil,Male,2009-06-14,227104331875,milind.gohil22@gmail.com,9979215835,9344694596,Noida,Uttar Pradesh,110883,Naresh Gohil,Kiran Gohil,Delhi Technological University,Engineering Physics,2K26/EP/56
DLI26SDA000003,Deepak Choudhary,Male,2005-02-05,896599949732,deepak.choudhary10@gmail.com,8319222705,9028767548,Delhi,Delhi,110386,Ashok Choudhary,Asha Choudhary,D.T.U.,Mathematics & Computing,2K26/MC/80
DLI26SDA000004,Milind Chauhan,Male,2005-04-06,426877418652,milind.chauhan13@gmail.com,7756398365,8037583094,Noida,Uttar Pradesh,110154,Devendra Chauhan,Sunita Chauhan,DTU,Civil Engineering,2K26/CE/166
DLI26SDA000005,Ketan Gohil,Male,2006-01-23,440907977278,ketan.gohil23@gmail.com,9509222161,9705184390,Noida,Uttar Pradesh,110529,Subhash Gohil,Usha Gohil,Delhi Technological University,Environmental Engineering,2K26/EN/104
DLI26SDA000006,Manoj Yadav,Male,2009-04-27,824127049386,manoj.yadav32@gmail.com,+919448515791,6111212590,New Delhi,Delhi,110035,Rajesh Yadav,Kavita Yadav,delhi technological university,Computer Engineering,2K26/CO/79
DLI26SDA000007,Vijay Saxena,Male,2007-01-13,424295633432,vijay.saxena47@gmail.com,+91 7741759558,6209628936,Noida,Uttar Pradesh,110435,Devendra Saxena,Sushma Saxena,delhi technological university,Information Technology,2K26/IT/24
DLI26SDA000008,Sumit Rathore,Male,2006-05-02,182727955969,sumit.rathore14@gmail.com,07150267551,8542782079,Gurugram,Haryana,110996,Ashok Rathore,Seema Rathore,delhi technological university,Information Technology,2K26/IT/186
DLI26SDA000009,Harshal Shinde,Male,2006-11-13,403816649690,harshal.shinde30@gmail.com,8498392250,9425762702,New Delhi,Delhi,110244,Naresh Shinde,Sita Shinde,Delhi Technological University,Computer Engineering,2K26/CO/112
DLI26SDA000010,Rajesh Shekhawat,Male,2008-11-18,507251786376,rajesh.shekhawat69@gmail.com,8162526546,6815790392,New Delhi,Delhi,110555,Devendra Shekhawat,Sunita Shekhawat,DTU,Software Engineering,2K26/SE/20
DLI26SDA000011,Arjun Prasad,Male,2008-01-07,461562624467,arjun.prasad14@gmail.com,7622681715,9602529867,Delhi,Delhi,110766,Suresh Prasad,Suman Prasad,DTU,Engineering Physics,2K26/EP/163
DLI26SDA000012,Harshal Trivedi,Male,2005-06-25,758512686120,harshal.trivedi53@gmail.com,7389760740,9775095465,Faridabad,Haryana,110408,Vijay Trivedi,Sita Trivedi,Delhi Technological University,Software Engineering,2K26/SE/5
DLI26SDA000013,Vikram Kulkarni,Male,2009-10-04,508632181227,vikram.kulkarni65@gmail.com,7579389701,7502916815,Faridabad,Haryana,110466,Ramesh Kulkarni,Sita Kulkarni,Delhi Technological Uni  ,Information Technology,2K26/IT/185
DLI26SDA000014,Manoj Shah,Male,2009-04-19,449883059736,manoj.shah45@gmail.com,8480962440,6306244795,Delhi,Delhi,110330,Sunil Shah,Meena Shah,Delhi Technological University,Information Technology,2K26/IT/187
DLI26SDA000015,Parth Patel,Male,2005-06-18,678055557277,parth.patel36@gmail.com,8646091785,9385445770,New Delhi,Delhi,110992,Vinod Patel,Rekha Patel,DTU,Software Engineering,2K26/SE/196
DLI26SDA000016,Vikash Joshi,Male,2005-12-16,368269116331,vikash.joshi83@gmail.com,+917226865369,7551588863,Gurugram,Haryana,110774,Rajesh Joshi,Sita Joshi,Delhi Technological Uni  ,Electrical Engineering,2K26/EE/103
DLI26SDA000017,Rahul Choudhary,Male,2007-08-21,216966630932,rahul.choudhary88@gmail.com,+91 9996059329,6150968832,Gurugram,Haryana,110532,Prakash Choudhary,Radha Choudhary,Delhi Technological University,Information Technology,2K26/IT/17
DLI26SDA000018,Gaurav Negi,Male,2006-08-08,973278195237,gaurav.negi18@gmail.com,09068761648,9980770460,Noida,Uttar Pradesh,110687,Sanjay Negi,Savita Negi,Delhi Technological University,Information Technology,2K26/IT/195
DLI26SDA000019,Rajesh Mishra,Male,2007-07-22,523734151773,rajesh.mishra43@gmail.com,7475749490,8284035954,Noida,Uttar Pradesh,110294,Prakash Mishra,Saroj Mishra,DTU,Electrical Engineering,2K26/EE/191
DLI26SDA000020,Yash Bhatt,Male,2007-07-09,303942904588,yash.bhatt61@gmail.com,6925298585,6728727601,Noida,Uttar Pradesh,110343,Rajendra Bhatt,Geeta Bhatt,Delhi Technological University,Engineering Physics,2K26/EP/31
DLI26SDA000021,Pushpendra Prasad,Male,2006-10-21,083350615814,pushpendra.prasad80@gmail.com,9079833423,8720948413,Faridabad,Haryana,110128,Anil Prasad,Anita Prasad,Delhi Technological University,Computer Engineering,2K26/CO/150
DLI26SDA000022,Lokendra Kumar,Male,2005-01-11,137171731893,lokendra.kumar86@gmail.com,6490961739,6046947258,Gurugram,Haryana,110844,Vijay Kumar,Sushma Kumar,Delhi Technological University,Information Technology,2K26/IT/174
DLI26SDA000023,Bhavesh Trivedi,Male,2009-03-16,058772216417,bhavesh.trivedi53@gmail.com,8313348458,6149392523,Gurugram,Haryana,110229,Arvind Trivedi,Sita Trivedi,Delhi Technological University,Chemical Engineering,2K26/CH/122
DLI26SDA000024,Rakesh Jodha,Male,2008-05-16,452455574696,rakesh.jodha63@gmail.com,9606527403,8445056658,Ghaziabad,Uttar Pradesh,110339,Devendra Jodha,Saroj Jodha,delhi technological university,Mechanical Engineering,2K26/ME/20
DLI26SDA000025,Amit Patil,Male,2006-12-19,706734996010,amit.patil91@gmail.com,7485741721,7622949381,Gurugram,Haryana,110359,Kailash Patil,Rajni Patil,Delhi Technological University,Chemical Engineering,2K26/CH/75
DLI26SDA000026,Arjun Gupta,Male,2007-06-25,732573755344,arjun.gupta87@gmail.com,+919216667080,7096085874,Ghaziabad,Uttar Pradesh,110511,Manohar Gupta,Kavita Gupta,Delhi Technological Uni  ,Mechanical Engineering,2K26/ME/137
DLI26SDA000027,Alok Sinha,Male,2009-10-15,931647725129,alok.sinha53@gmail.com,+91 6860694096,9035624395,Ghaziabad,Uttar Pradesh,110739,Subhash Sinha,Kiran Sinha,Delhi Technological University,Electrical Engineering,2K26/EE/53
DLI26SDA000028,Deepak Kumar,Male,2009-09-20,028515533342,deepak.kumar64@gmail.com,07335027160,6360776336,Ghaziabad,Uttar Pradesh,110112,Devendra Kumar,Kiran Kumar,D.T.U.,Mechanical Engineering,2K26/ME/42
DLI26SDA000029,Harsh Prasad,Male,2005-06-24,563318574817,harsh.prasad12@gmail.com,9666155416,7316704502,New Delhi,Delhi,110290,Satish Prasad,Usha Prasad,Delhi Technological University,Engineering Physics,2K26/EP/121
DLI26SDA000030,Mohit Bhatt,Male,2008-12-22,459626228225,mohit.bhatt24@gmail.com,8073465495,9050702608,Gurugram,Haryana,110982,Mahesh Bhatt,Savita Bhatt,Delhi Technological University,Computer Engineering,2K26/CO/24
DLI26SDA000031,Rohan Vardhan,Male,2006-08-14,872904774258,rohan.vardhan56@gmail.com,9779323822,8116491334,New Delhi,Delhi,110457,Arvind Vardhan,Kiran Vardhan,DTU,Production & Industrial Engineering,2K26/PI/69
DLI26SDA000032,Vikram Shah,Male,2007-11-05,906032020326,vikram.shah51@gmail.com,9977539673,6948714855,New Delhi,Delhi,110457,Kailash Shah,Saroj Shah,DTU,Environmental Engineering,2K26/EN/88
DLI26SDA000033,Rohan Gaikwad,Male,2006-11-01,821371184254,rohan.gaikwad67@gmail.com,6818268323,9358929880,Ghaziabad,Uttar Pradesh,110583,Devendra Gaikwad,Sita Gaikwad,Delhi Technological University,Mechanical Engineering,2K26/ME/175
DLI26SDA000034,Bhavesh Thakur,Male,2005-04-27,289634064686,bhavesh.thakur70@gmail.com,6524014843,9062272362,Faridabad,Haryana,110669,Harish Thakur,Meena Thakur,delhi technological university,Mechanical Engineering,2K26/ME/58
DLI26SDA000035,Arjun Mehta,Male,2009-12-24,923724501848,arjun.mehta23@gmail.com,6374189721,7406417692,Faridabad,Haryana,110743,Devendra Mehta,Savita Mehta,Delhi Technological University,Engineering Physics,2K26/EP/155
DLI26SDA000036,Pankaj Prasad,Male,2006-07-02,144485645101,pankaj.prasad72@gmail.com,+918973964178,6986091919,Delhi,Delhi,110135,Manohar Prasad,Rajni Prasad,D.T.U.,Production & Industrial Engineering,2K26/PI/108
DLI26SDA000037,Sanjay Singh,Male,2007-11-26,779806603920,sanjay.singh90@gmail.com,+91 7146074555,8470574238,Ghaziabad,Uttar Pradesh,110565,Mahesh Singh,Seema Singh,delhi technological university,Mathematics & Computing,2K26/MC/91
DLI26SDA000038,Vikram Kulkarni,Male,2009-12-03,659726347557,vikram.kulkarni56@gmail.com,08250139488,7882691311,Faridabad,Haryana,110964,Satish Kulkarni,Manju Kulkarni,DTU,Software Engineering,2K26/SE/35
DLI26SDA000039,Vivek Joshi,Male,2005-10-03,537038240733,vivek.joshi41@gmail.com,8732043097,6688936289,Gurugram,Haryana,110964,Subhash Joshi,Pushpa Joshi,DTU,Mathematics & Computing,2K26/MC/61
DLI26SDA000040,Prathamesh Deshmukh,Male,2009-12-05,538921878519,prathamesh.deshmukh39@gmail.com,7837490797,6961208780,Noida,Uttar Pradesh,110721,Arvind Deshmukh,Rekha Deshmukh,Delhi Technological University,Engineering Physics,2K26/EP/71
DLI26SDA000041,Vishal Verma,Male,2005-08-14,263748453986,vishal.verma28@gmail.com,7090591191,6233922071,Noida,Uttar Pradesh,110116,Manohar Verma,Rajni Verma,Delhi Technological University,Software Engineering,2K26/SE/98
DLI26SDA000042,Arjun Shinde,Male,2008-02-10,526471246335,arjun.shinde92@gmail.com,9571840908,9512080056,Noida,Uttar Pradesh,110099,Subhash Shinde,Kavita Shinde,Delhi Technological Uni  ,Computer Engineering,2K26/CO/163
DLI26SDA000043,Deepak Choudhary,Male,2008-06-04,295927282709,deepak.choudhary14@gmail.com,9441529821,6392957867,Delhi,Delhi,110815,Rajendra Choudhary,Rekha Choudhary,Delhi Technological University,Biotechnology,2K26/BT/49
DLI26SDA000044,Aditya Deshmukh,Male,2009-08-26,918158998868,aditya.deshmukh92@gmail.com,8452734666,6170715879,Gurugram,Haryana,110474,Arvind Deshmukh,Anita Deshmukh,DTU,Civil Engineering,2K26/CE/49
DLI26SDA000045,Kartik Rawat,Male,2005-09-06,508004635806,kartik.rawat75@gmail.com,8850317235,9373990063,Faridabad,Haryana,110140,Rajendra Rawat,Rajni Rawat,delhi technological university,Mathematics & Computing,2K26/MC/46
DLI26SDA000046,Harish Gehlot,Male,2007-07-02,229394694346,harish.gehlot98@gmail.com,+919666437490,6072311127,Delhi,Delhi,110285,Mahesh Gehlot,Pushpa Gehlot,Delhi Technological Uni  ,Engineering Physics,2K26/EP/178
DLI26SDA000047,Ishan Choudhary,Male,2007-05-28,941163187328,ishan.choudhary14@gmail.com,+91 6711306211,8695727908,New Delhi,Delhi,110350,Manohar Choudhary,Sunita Choudhary,Delhi Technological Uni  ,Mathematics & Computing,2K26/MC/65
DLI26SDA000048,Pushpendra Solanki,Male,2008-11-02,662481323570,pushpendra.solanki66@gmail.com,09398482285,9116880925,Noida,Uttar Pradesh,110021,Arvind Solanki,Meena Solanki,Delhi Technological University,Civil Engineering,2K26/CE/145
DLI26SDA000049,Harish Jadhav,Male,2005-02-28,309810796496,harish.jadhav67@gmail.com,8794577278,7324264250,Gurugram,Haryana,110420,Rajesh Jadhav,Lata Jadhav,D.T.U.,Chemical Engineering,2K26/CH/59
DLI26SDA000050,Arjun Thakur,Male,2007-04-13,667776755562,arjun.thakur77@gmail.com,8333939578,6543627187,Noida,Uttar Pradesh,110960,Harish Thakur,Radha Thakur,Delhi Technological University,Electrical Engineering,2K26/EE/169
DLI26SDA000051,Anurag Paswan,Male,2006-03-15,036924926932,anurag.paswan62@gmail.com,7732759980,9110005155,New Delhi,Delhi,110234,Naresh Paswan,Rekha Paswan,DTU,Mathematics & Computing,2K26/MC/150
DLI26SDA000052,Sachin Shinde,Male,2008-05-10,182226189628,sachin.shinde80@gmail.com,6431271026,6672095799,New Delhi,Delhi,110707,Arvind Shinde,Kiran Shinde,Delhi Technological University,Mathematics & Computing,2K26/MC/22
DLI26SDA000053,Rohan Trivedi,Male,2008-10-10,621354159709,rohan.trivedi85@gmail.com,6254384807,7203447650,Noida,Uttar Pradesh,110715,Kailash Trivedi,Anita Trivedi,Delhi Technological University,Production & Industrial Engineering,2K26/PI/3
DLI26SDA000054,Kartik Jadhav,Male,2008-08-13,604655866525,kartik.jadhav43@gmail.com,8744171581,9213125129,New Delhi,Delhi,110110,Ramesh Jadhav,Manju Jadhav,delhi technological university,Production & Industrial Engineering,2K26/PI/19
DLI26SDA000055,Parth Thakur,Male,2006-11-28,519102312110,parth.thakur65@gmail.com,8301658373,6927490728,Delhi,Delhi,110123,Vijay Thakur,Geeta Thakur,delhi technological university,Production & Industrial Engineering,2K26/PI/49
DLI26SDA000056,Ranjan Gupta,Male,2008-03-28,532694968436,ranjan.gupta42@gmail.com,+917380442101,6509617015,Ghaziabad,Uttar Pradesh,110591,Manohar Gupta,Pushpa Gupta,D.T.U.,Mathematics & Computing,2K26/MC/116
DLI26SDA000057,Vijay Gohil,Male,2007-08-10,758339205677,vijay.gohil51@gmail.com,+91 6777226602,7626506229,New Delhi,Delhi,110310,Ashok Gohil,Seema Gohil,Delhi Technological University,Mathematics & Computing,2K26/MC/51
DLI26SDA000058,Swapnil Mehta,Male,2008-05-27,843379766270,swapnil.mehta55@gmail.com,09157942387,8670425496,Ghaziabad,Uttar Pradesh,110192,Devendra Mehta,Suman Mehta,Delhi Technological University,Mathematics & Computing,2K26/MC/177
DLI26SDA000059,Digvijay Negi,Male,2006-02-01,756335357485,digvijay.negi83@gmail.com,7325939933,6970581629,Noida,Uttar Pradesh,110187,Rajesh Negi,Sharda Negi,Delhi Technological Uni  ,Engineering Physics,2K26/EP/69
DLI26SDA000060,Devendra Jadhav,Male,2008-05-23,250733055978,devendra.jadhav28@gmail.com,7575983399,9403884366,Faridabad,Haryana,110044,Harish Jadhav,Geeta Jadhav,Delhi Technological University,Civil Engineering,2K26/CE/167
DLI26SDA000061,Kunal Gaikwad,Male,2006-03-15,682975147439,kunal.gaikwad68@gmail.com,7292501058,6525680656,New Delhi,Delhi,110590,Pramod Gaikwad,Suman Gaikwad,Delhi Technological University,Production & Industrial Engineering,2K26/PI/11
DLI26SDA000062,Rajesh Saxena,Male,2006-02-03,221823155516,rajesh.saxena53@gmail.com,9768086628,9372143308,Delhi,Delhi,110037,Suresh Saxena,Anita Saxena,Delhi Technological University,Computer Engineering,2K26/CO/40
DLI26SDA000063,Shreyas Patil,Male,2007-07-25,608470681039,shreyas.patil14@gmail.com,8397051958,8632809448,Noida,Uttar Pradesh,110862,Harish Patil,Sharda Patil,Delhi Technological University,Computer Engineering,2K26/CO/84
DLI26SDA000064,Satish Vardhan,Male,2007-08-01,798632106133,satish.vardhan82@gmail.com,7394570394,8804032537,Faridabad,Haryana,110657,Ashok Vardhan,Sharda Vardhan,D.T.U.,Biotechnology,2K26/BT/123
DLI26SDA000065,Manish Shekhawat,Male,2009-10-04,009004047692,manish.shekhawat22@gmail.com,9533651460,7014247310,Gurugram,Haryana,110201,Naresh Shekhawat,Meena Shekhawat,DTU,Production & Industrial Engineering,2K26/PI/178
DLI26SDA000066,Tushar Verma,Male,2005-08-03,231660076762,tushar.verma11@gmail.com,+919144734043,8700968730,Noida,Uttar Pradesh,110519,Subhash Verma,Saroj Verma,delhi technological university,Chemical Engineering,2K26/CH/42
DLI26SDA000067,Jignesh Gaikwad,Male,2005-09-05,556296575427,jignesh.gaikwad96@gmail.com,+91 6561942557,6820582958,Faridabad,Haryana,110292,Harish Gaikwad,Asha Gaikwad,Delhi Technological University,Software Engineering,2K26/SE/29
DLI26SDA000068,Milind Kumar,Male,2005-01-09,823571558686,milind.kumar38@gmail.com,07613723081,6214364381,New Delhi,Delhi,110000,Anil Kumar,Savita Kumar,Delhi Technological University,Environmental Engineering,2K26/EN/19
DLI26SDA000069,Sumit Trivedi,Male,2009-07-12,609456534699,sumit.trivedi71@gmail.com,9707550476,9699570607,Delhi,Delhi,110748,Naresh Trivedi,Kavita Trivedi,Delhi Technological University,Engineering Physics,2K26/EP/162
DLI26SDA000070,Lokendra Jadhav,Male,2007-04-20,705487396102,lokendra.jadhav85@gmail.com,9871827496,9491872742,Delhi,Delhi,110495,Sanjay Jadhav,Savita Jadhav,DTU,Mechanical Engineering,2K26/ME/51
DLI22SDA000011,Jignesh Vardhan,Male,2003-09-10,656482366299,jignesh.vardhan48@gmail.com,6804436995,6773872148,Faridabad,Haryana,110951,Rajendra Vardhan,Rajni Vardhan,Delhi Technological University,Computer Engineering,2K22/CO/38
DLI22SDA000051,Ranjan Yadav,Male,2002-09-26,339187851910,ranjan.yadav80@gmail.com,8982258713,6187072867,Ghaziabad,Uttar Pradesh,110087,Arvind Yadav,Suman Yadav,D.T.U.,Software Engineering,2K22/SE/66
DLI23SDA000031,Ishan Gupta,Male,2004-02-07,975523149135,ishan.gupta72@gmail.com,6594929955,6205336452,Faridabad,Haryana,110577,Rajesh Gupta,Rekha Gupta,D.T.U.,Biotechnology,2K23/BT/142
